창고코드,자재코드,자재명,배치,SAP재고,WMS재고,차이
5000.0,7302293.0,이지듀밀착커버매트팩트퍼프(2개입),0,0,84329,-84329.0
5000.0,7302317.0,이지듀밀착커버앰플쿠션퍼프(2개입)_V2,0,0,46399,-46399.0
5000.0,7302266.0,이지듀멜라토닝울트라카밍토너시카알로에130ML_펌프(미스트)(V2),0,0,34570,-34570.0
5000.0,7302501.0,"[판촉물]26년미니쇼핑백(설날,신년전용)",260107,0,24559,-24559.0
5000.0,7302264.0,[판촉물_상품]이지듀키링파우치,0,0,24327,-24327.0
5000.0,7302223.0,[판촉물]이지듀대형쇼핑백_2025_(285*90*250),0,0,17343,-17343.0
5000.0,7302433.0,[판촉물]이지듀파운데이션브러쉬,0,0,10050,-10050.0
5000.0,9312367.0,이지듀디더블유이지에프멜라토닝원데이앰플부스터샷20ML(리필)？,BJA,0,9576,-9576.0
5000.0,7302267.0,이지듀선물세트_세트단상자(15CM),0,0,9012,-9012.0
5000.0,2303460.0,이지듀디더블유이지에프멜라토닝원데이앰플1ML*7ea_용기덧방라벨,0,0,7000,-7000.0
5000.0,2303826.0,"[부자재]쿠션,팩트레드에디션_리본쇼핑백(공용,26설)",0,0,6960,-6960.0
5000.0,9312366.0,이지듀디더블유이지에프멜라토닝원데이앰플부스터샷20ML？,CJA,0,6532,-6532.0
5000.0,9309903.0,[EA]멜라비토닝앰플쿠션21호내추럴(리필)15g_V3,TJA,1059,6377,-5318.0
5000.0,7301695.0,[EA]멜라라필실리콘볼(소),0,0,5005,-5005.0
5000.0,9312167.0,이지듀멜라비토닝앰플쿠션19호샌드13G(미국),AAB,0,4440,-4440.0
5000.0,2303486.0,이지듀베리어리페어마스크25G(*4매입)_용기덧방라벨,0,0,4000,-4000.0
5000.0,7302229.0,베리어리페어세트_세트단상자(20CM),20250912,0,3839,-3839.0
5000.0,2303813.0,[부자재]기미쿠션레드에디션_21호내추럴_봉합라벨(26년설),260107,0,3600,-3600.0
5000.0,9311719.0,이지듀베리어리페어카밍겔패치(9g*4매입),FHA,0,3519,-3519.0
5000.0,2303810.0,[부자재]글로우팩트(FW)레드에디션_21호내추럴_봉합라벨(26년설),260107,0,3300,-3300.0
5000.0,7302262.0,이지듀멜라토닝울트라카밍토너시카알로에130ML_펌프(미스트)(V1),0,0,2695,-2695.0
5000.0,2303814.0,[부자재]기미쿠션레드에디션_23호베이지_봉합라벨(26년설),260107,0,2500,-2500.0
5000.0,2400021.0,[세트포장재]앰플쿠션_21호_면세기획세트(본품+리필2)39g_단상자V4,0,0,2200,-2200.0
5000.0,7302222.0,[판촉물_상품]이지듀썸머메쉬백(L),0,0,1906,-1906.0
5000.0,2302224.0,[판촉물_부자재](면세)원데이앰플(12ml+0.7ml)*3ea_슬리브,,0,1842,-1842.0
5000.0,7302385.0,[25년]이지듀쇼핑백_소(200*80*200),0,13774,15574,-1800.0
5000.0,2303823.0,[부자재]기미팩트세트_19호페어_봉합라벨(26신년),260107,0,1575,-1575.0
5000.0,2303822.0,[부자재]기미팩트세트_23호베이지_봉합라벨(26신년),260107,0,1560,-1560.0
5000.0,7302334.0,이지듀밀착커버매트팩트퍼프(1개입),0,0,1555,-1555.0
5000.0,9313130.0,이지듀이지에프쓰리디볼류밍립글로스4.4g레드,AAB,379,1903,-1524.0
5000.0,2303821.0,[부자재]기미팩트세트_21호내추럴_봉합라벨(26신년),260107,0,1510,-1510.0
5000.0,2303819.0,[부자재]기미쿠션세트_19호 페어_봉합라벨(26신년),260107,0,1500,-1500.0
5000.0,2303820.0,[부자재]기미쿠션세트_23호 베이지_봉합라벨(26신년),260107,0,1500,-1500.0
5000.0,2303818.0,[부자재]기미쿠션세트_22호 라이트베이지_봉합라벨(26신년),260107,0,1485,-1485.0
5000.0,2303817.0,[부자재]기미쿠션세트_21호 내추럴_봉합라벨(26신년),260107,0,1270,-1270.0
5000.0,7302262.0,이지듀멜라토닝울트라카밍토너시카알로에130ML_펌프(미스트)(V1),0,0,1246,-1246.0
5000.0,2303828.0,[부자재]부스터샷묶음(본품1+리필1)세트_띠라벨(면세),251230,0,1200,-1200.0
5000.0,2400020.0,[세트포장재]앰플쿠션_19호_면세기획세트(본품+리필2)39g_단상자_V4,0,0,1200,-1200.0
5000.0,2400022.0,[세트포장재]앰플쿠션_23호_면세기획세트(본품+리필2)39g_단상자V4,0,0,1200,-1200.0
5000.0,2302177.0,[판촉물부자재]이지듀스페셜기프트세트_세트케이스(금펄/2024설),,0,1100,-1100.0
5000.0,2303293.0,멀티비타앰플클렌저200ml_단상자,,0,1100,-1100.0
5000.0,2303459.0,이지듀클리어라하바디미스트100ML_용기덧방라벨,0,0,1000,-1000.0
5000.0,2303461.0,이지듀디더블유이지에프멜라토닝원데이앰플1ML_용기덧방라벨,0,0,1000,-1000.0
5000.0,2303465.0,이지듀멜라글루타치온크림105ML_용기덧방라벨,0,0,1000,-1000.0
5000.0,2303466.0,이지듀디더블유이지에프와이드(프로텍션)패치4G_용기덧방라벨,0,0,1000,-1000.0
5000.0,2303467.0,이지듀멜라비토닝앰플쿠션23호베이지_용기덧방라벨,0,0,1000,-1000.0
5000.0,2303468.0,이지듀멜라비토닝앰플쿠션21호내추럴_용기덧방라벨,0,0,1000,-1000.0
5000.0,2303469.0,이지듀멜라비토닝앰플쿠션19호페어_용기덧방라벨,0,0,1000,-1000.0
5000.0,2303478.0,이지듀클리어B3+B5세럼29ML_용기덧방라벨,0,0,1000,-1000.0
5000.0,2303479.0,이지듀멜라에이레티노0.03프로크림30ML_용기덧방라벨,0,0,1000,-1000.0
5000.0,2303480.0,이지듀멜라에이레티노0.3프로트리트먼트1ML_용기덧방라벨,0,0,1000,-1000.0
5000.0,2303481.0,이지듀베리어리페어클렌저150ML_용기덧방라벨,0,0,1000,-1000.0
5000.0,2303482.0,이지듀베리어리페어크림30G_용기덧방라벨,0,0,1000,-1000.0
5000.0,2303484.0,이지듀베리어리페어크림50ML_용기덧방라벨,0,0,1000,-1000.0
5000.0,2303485.0,이지듀베리어리페어크림105ML_용기덧방라벨,0,0,1000,-1000.0
5000.0,2303487.0,이지듀베리어리페어토너200ML_용기덧방라벨,0,0,1000,-1000.0
5000.0,2303488.0,이지듀베리어리페어미스트60ML_용기덧방라벨,0,0,1000,-1000.0
5000.0,2303490.0,이지듀디더블유이지에프크림프레좀알엑스50ML_용기덧방라벨,0,0,1000,-1000.0
5000.0,2303493.0,이지듀클리어라하바디미스트100ML_단상자,0,0,1000,-1000.0
5000.0,2303494.0,이지듀디더블유이지에프멜라토닝원데이앰플1ML*7ea_단상자,0,0,1000,-1000.0
5000.0,2303495.0,이지듀디더블유이지에프멜라토닝원데이앰플1ML_단상자,0,0,1000,-1000.0
5000.0,2303499.0,이지듀멜라글루타치온크림105ML_단상자,0,0,1000,-1000.0
5000.0,2303500.0,이지듀디더블유이지에프와이드(프로텍션)패치4G_단상자,0,0,1000,-1000.0
5000.0,2303512.0,이지듀멜라에이레티노0.03프로크림1ML_단상자,0,0,1000,-1000.0
5000.0,2303513.0,이지듀멜라에이레티노0.03프로크림30ML_단상자,0,0,1000,-1000.0
5000.0,2303514.0,이지듀멜라에이레티노0.3프로트리트먼트1ML_단상자,0,0,1000,-1000.0
5000.0,2303515.0,이지듀베리어리페어클렌저150ML_단상자,0,0,1000,-1000.0
5000.0,2303516.0,이지듀베리어리페어크림30G_단상자,0,0,1000,-1000.0
5000.0,2303517.0,이지듀베리어리페어크림50ML_단상자,0,0,1000,-1000.0
5000.0,2303518.0,이지듀베리어리페어크림105ML_단상자,0,0,1000,-1000.0
5000.0,2303519.0,이지듀베리어리페어마스크25G(*4매입)_단상자,0,0,1000,-1000.0
5000.0,2303520.0,이지듀베리어리페어토너200ML_단상자,0,0,1000,-1000.0
5000.0,2303521.0,이지듀베리어리페어미스트60ML_단상자,0,0,1000,-1000.0
5000.0,2303524.0,이지듀디더블유이지에프크림프레좀알엑스50ML_단상자,0,0,1000,-1000.0
5000.0,2303830.0,[부자재]기미팩트세트(본품3+리필3+퍼프3)_단상자(공용),251230,0,943,-943.0
5000.0,2303778.0,[부자재]이지듀명절용멜라3-스텝스페셜세트(싸바리)_v2,0,0,933,-933.0
5000.0,2400000.0,[세트포장재]앰플쿠션_22호_면세기획세트(본품+리필2)39g_단상자,0,0,930,-930.0
5000.0,2303815.0,[부자재]기미쿠션레드에디션_19호페어_봉합라벨(26년설),260107,0,900,-900.0
5000.0,9312350.0,"이지듀디더블유이지에프멜라토닝원데이앰플부스터샷15ML(리필,HS)？",BJA,0,897,-897.0
5000.0,2303477.0,이지듀멜라토닝멜라씨비타에센스토너150ML_용기덧방라벨,0,0,860,-860.0
5000.0,2303511.0,이지듀멜라토닝멜라씨비타에센스토너150ML_단상자,0,0,860,-860.0
5000.0,2303811.0,[부자재]글로우팩트(FW)레드에디션_19호페어_봉합라벨(26년설),260107,0,800,-800.0
5000.0,2303812.0,[부자재]글로우팩트(FW)레드에디션_23호베이지_봉합라벨(26년설),260107,0,800,-800.0
5000.0,2302173.0,[판촉물부자재]이지듀스페셜기프트세트_세트케이스(리본/2024설),,0,780,-780.0
5000.0,2400079.0,[OY]앰플쿠션21호(본품1+리필1+퍼프2매)13g기획_세트단상자,0,0,780,-780.0
5000.0,2303476.0,이지듀멜라토닝멜라씨비타에센스토너30ML_용기덧방라벨,0,0,750,-750.0
5000.0,2303510.0,이지듀멜라토닝멜라씨비타에센스토너30ML_단상자,0,0,750,-750.0
5000.0,2302961.0,[판촉물_부자재]멜라토닝 에센셜 CBA 3종 VIP세트(패드)_옐로우,,0,687,-687.0
5000.0,2303867.0,[부자재]부스터샷6입(본품3+리필3)세트_슬리브(26신년),251230,0,680,-680.0
5000.0,2303868.0,[부자재]부스터샷6입(본품3+리필3)세트_패드(26신년),251230,0,680,-680.0
5000.0,2303825.0,[부자재]부스터샷6입(본품3+리필3)세트_하판(26신년),251230,0,610,-610.0
5000.0,2400083.0,[OY]토닝앰플쿠션(본품1+리필1+퍼프2매)13g기획_아웃박스(공용),0,0,482,-482.0
5000.0,2400078.0,[OY]앰플쿠션19호(본품1+리필1+퍼프2매)13g기획_세트단상자,0,0,480,-480.0
5000.0,2400080.0,[OY]앰플쿠션22호(본품1+리필1+퍼프2매)13g기획_세트단상자,0,0,480,-480.0
5000.0,2400081.0,[OY]앰플쿠션23호(본품1+리필1+퍼프2매)13g기획_세트단상자,0,0,480,-480.0
5000.0,7302250.0,[판촉물]이지듀여행용파우치그린,0,0,480,-480.0
5000.0,9309930.0,한가인 VIP 고급 대관세트 (기미앰플+항산화+쿠션)_2025년설,24F017,0,471,-471.0
5000.0,2303816.0,[부자재]기미쿠션레드에디션_22호라이트베이지_봉합라벨(26년설),260107,0,400,-400.0
5000.0,9309833.0,[세트]이지듀 베리어리페어크림+앰플기획(크림50ML+앰플1ML),0,0,390,-390.0
5000.0,9313776.0,멜라_토닝원데이앰플_15ml(인도네시아)_V2,BEA,0,379,-379.0
5000.0,2303584.0,[추석세트]이지듀쿠션앤앰플기프트세트21호내추럴_싸바리(상단+포밍+하단),20250917,0,346,-346.0
5000.0,7301915.0,[EA]그린코스메틱파우치,0,0,332,-332.0
5000.0,7302435.0,앰플쿠션13g내추럴어워즈한정기획(2025)(+8g미니어처쿠션)_단상자,20251119,0,327,-327.0
5000.0,2302916.0,[판촉물_부자재] 멜라토닝 더블업 크림+앰플 기획세트(패드)_25년설,,0,250,-250.0
5000.0,9313775.0,멜라_비타앰플클렌저_30ml(인도네시아)_V2,QE05,0,250,-250.0
5000.0,9313773.0,멜라_비타앰플클렌저_200ml(인도네시아)_V2,RG01,0,240,-240.0
5000.0,9304300.0,[단종][EA]디더블유이지에프링클아이크림스틱프리미엄8g,N04F13G,0,205,-205.0
5000.0,9313777.0,멜라_토닝원데이앰플_30ml(인도네시아)_V2,FCA,0,200,-200.0
5000.0,2303248.0,이지듀멜라비토닝원데이앰플로즈에디션_세트단상자(박스형),0,14613,14793,-180.0
5000.0,2302479.0,[EA]이지듀가정의달패키지(2024)_VIP싸바리(패드),,0,171,-171.0
5000.0,9312367.0,이지듀디더블유이지에프멜라토닝원데이앰플부스터샷20ML(리필)？,AJA,0,159,-159.0
5000.0,9311128.0,이지듀멜라비토닝앰플쿠션23호베이지본품13g+리필13g기획세트(올리브영),TGA,11290,11440,-150.0
5000.0,9309904.0,[EA]멜라비토닝앰플쿠션23호베이지(리필)15g_V3,HBA,1915,2050,-135.0
5000.0,9309148.0,[EA]리프트피디알엔넥패치(6g*4매입),814,1538,1650,-112.0
5000.0,9309902.0,[EA]멜라비토닝앰플쿠션19호페어(리필)15g_V3,CBA,5912,6020,-108.0
5000.0,9311330.0,멜라비토닝앰플쿠션22호라이트베이지(리필)_15g,EHA,3754,3861,-107.0
5000.0,9311190.0,이지듀멜라토닝원데이앰플시카알로에30ml,AFA,2745,2845,-100.0
5000.0,9306492.0,[단종][EA]디더블유이지에프10피피엠항산화앰플30ml,AKY,247,336,-89.0
5000.0,9310233.0,[EA]멜라비토닝앰플쿠션21호내추럴(미니)_8g,FHA,650,739,-89.0
5000.0,2303824.0,[부자재]기미앰플30ML*6세트(26신년)_슬리브,251230,0,80,-80.0
5000.0,2303880.0,[부자재]기미앰플30ML*6세트(26신년)_패드,251230,0,80,-80.0
5000.0,2303831.0,[부자재]이지듀항산화*4세트(26신년)_슬리브,251230,0,75,-75.0
5000.0,2303866.0,[부자재]이지듀항산화*4세트(26신년)_패드,251230,0,75,-75.0
5000.0,7302015.0,[판촉물_부자재]멜라토닝 VIP 고급 대관세트(2025)_쇼핑백,0,0,55,-55.0
5000.0,9307043.0,[EA]디더블유이지에프멜라토닝원데이앰플8ml_AD(2024),FCA,57,99,-42.0
5000.0,7302500.0,[판촉물]25년크리스마스양말_아트토큰,20251216,0,37,-37.0
5000.0,9308235.0,[EA]이지듀멜라5스텝스타터키트(GWP),CFZ,29,64,-35.0
5000.0,9309839.0,[EA]멜라비토닝앰플쿠션21호내추럴(본품)15g_V3,ZHA,17369,17401,-32.0
5000.0,9312167.0,이지듀멜라비토닝앰플쿠션19호샌드13G(미국),AHA,0,25,-25.0
5000.0,9307221.0,[EA]디더블유EGF10ppm원데이엠티에스2700샷(2개입)_스몰랩,24F017,7234,7258,-24.0
5000.0,2302955.0,[판촉물_부자재] 멜라토닝 더블업 크림+앰플 기획세트(단상자)_25년설,,0,20,-20.0
5000.0,2303869.0,[부자재]기미앰플30ML*6세트(26신년)_하판,251230,0,20,-20.0
5000.0,9310616.0,[EA]이지듀멜라토닝원데이앰플15ml(2025_추출물용매분리버전),GGA,163,182,-19.0
5000.0,9306813.0,[EA]베리어리페어립앤멀티밤10g,N10A02,110,127,-17.0
5000.0,9309838.0,[EA]멜라비토닝앰플쿠션19호페어(본품)15g_V3_,HBA,8077,8093,-16.0
5000.0,9311062.0,[단종]이지듀멜라비토닝매트커버팩트23호베이지19g,KJA,290,306,-16.0
5000.0,9312293.0,[추석세트]이지듀쿠션앤앰플기프트세트21호내추럴,FHA,3657,3673,-16.0
5000.0,9309753.0,[판촉물]멜라토닝 더블업 크림+앰플 기획세트_25년설,0,0,15,-15.0
5000.0,9309835.0,[EA]멜라비토닝유브이선세럼투엑스40ml,MEA,1184,1197,-13.0
5000.0,9305864.0,[EA]베리어리페어토너200ml,AAA,9967,9979,-12.0
5000.0,9311088.0,[세트]이지듀멜라비토닝매트커버팩트23호+글로우립로즈세트(카카오),D250507003,0,12,-12.0
5000.0,9311192.0,이지듀멜라토닝겔패치시카알로에12g(4매입),161EH,7839,7850,-11.0
5000.0,9313970.0,[세트]기미쿠션레드에디션(26년설)_22호라이트베이지,D260129002,89,100,-11.0
5000.0,2302962.0,[판촉물_부자재]멜라 3-스텝 올인원 스페셜세트(싸바리)_플라워,,0,10,-10.0
5000.0,9306812.0,[세트]멜라토닝원데이앰플1ml+멜라토닝패치4매입_(판),D250811002,954,964,-10.0
5000.0,9309753.0,[판촉물]멜라토닝 더블업 크림+앰플 기획세트_25년설,0,0,10,-10.0
5000.0,9313100.0,이지듀알엑스포스트레이저미스트50mL,AAB,4470,4480,-10.0
5000.0,9313116.0,이지듀포스트레이저이지에프크림40ml(HS),EL007,33502,33512,-10.0
5000.0,9313119.0,이지듀이지에프골든엘릭서4ml(HS),EL003,41828,41838,-10.0
5000.0,9309910.0,[EA]멀티비타12앰플클렌저200ml,RG02,3313,3322,-9.0
5000.0,7301348.0,[판촉물_상품]이지듀가정의달세트_손잡이박스,34748,0,7,-7.0
5000.0,7301959.0,[판촉물_부자재]이지듀삼각쇼핑백_보테가,0,0,6,-6.0
5000.0,7302385.0,[25년]이지듀쇼핑백_소(200*80*200),20251016,419,425,-6.0
5000.0,9307045.0,[단종][EA]디더블유이지에프멜라토닝패치(5g*4ea)_AD(2024),DMZ,619,625,-6.0
5000.0,2303323.0,[부자재]이지듀멜라데이쉴드에센셜세트_슬리브,,0,5,-5.0
5000.0,2303865.0,[부자재]이지듀항산화*4세트(26신년)_하판,251230,0,5,-5.0
5000.0,9305646.0,[EA]멜라토닝선크림45ml,AEA,11,16,-5.0
5000.0,9312348.0,이지듀디더블유이지에프멜라토닝원데이앰플부스터샷15ML(HS),CJA,507,512,-5.0
5000.0,9313117.0,이지듀포스트레이저이지에프크림75ml,EK004,3496,3500,-4.0
5000.0,9313816.0,[세트]이지듀멜라스킨케어기프트6종기획세트(26년설),EGA,4118,4121,-3.0
5000.0,9313818.0,[세트]이지듀리프트코어이펙트6종스킨케어세트(26년설),DBA,1497,1500,-3.0
5000.0,9305942.0,[EA]옴므올인원플루이드80ml,DHA,1545,1547,-2.0
5000.0,9309795.0,[EA]멜라오버나이트멜팅크림 50g,JGA,12574,12576,-2.0
5000.0,9309900.0,[EA]멜라비토닝앰플쿠션23호베이지(본품)15g_V3,KDA,9432,9434,-2.0
5000.0,9313028.0,이지듀멜라비토닝글로우커버팩트19호페어(리필)19g,CMA,2146,2148,-2.0
5000.0,2302027.0,[부자재]크림+앰플_서랍형손잡이케이스(2023추석),,3871,3872,-1.0
5000.0,2302028.0,[부자재]휩폼+크림_리본끈사각케이스(2023추석),,3618,3619,-1.0
5000.0,2302427.0,[판촉물_부자재]이지듀 한가인 슬리브 (1ml+oy니들기획])_슬리브(판,,17549,17550,-1.0
5000.0,2302651.0,[판촉물_부자재]이지듀명절용신규패드,,0,1,-1.0
5000.0,7300927.0,[판촉물_부자재][EA]서랍형2종손잡이케이스(94*47*190)(판),,33,34,-1.0
5000.0,7300928.0,[판촉물_부자재][EA]서랍형3종손잡이케이스(135*47*190)(판),,0,1,-1.0
5000.0,9305648.0,[EA]베리어리페어클렌저150ml,BGA,1,2,-1.0
5000.0,9305814.0,[단종][EX]디더블유이지에프멜라토닝패치(5g*4ea)(썸머에디션),NLY,57,58,-1.0
5000.0,9306771.0,디더블유이지에프10트리플안티옥시던트앰플(1ml*4ea),BCZ,2618,2619,-1.0
5000.0,9307319.0,[EA]디더블유이지에프멜라토닝원데이앰플1ml_AD(2024),PJA,1711,1712,-1.0
5000.0,9307342.0,[EA]디더블유EGF10ppm원데이MTS2700샷(1개입)_미품,24F017,5397,5398,-1.0
5000.0,9308690.0,[EX]디더블유이지에프멜라토닝원데이앰플10ml,UMZ,139,140,-1.0
5000.0,9308765.0,[EA]멜라비토닝패치풀페이스(24g*6ea),DLZ,591,592,-1.0
5000.0,9309507.0,[EA]멜라비토닝앰플쿠션19호페어(리필)_V2,AAA,560,561,-1.0
5000.0,9310449.0,[EA]멜라UV틴티드글로우립밤3.4g,BDA,0,1,-1.0
5000.0,9310454.0,멜라비토닝앰플글로우겔마스크30g(4매입),108EH,2023,2024,-1.0
5000.0,9310560.0,이지듀멜라비토닝앰플쿠션23호베이지13G,WHA,801,802,-1.0
5000.0,9310563.0,이지듀멜라비토닝앰플쿠션23호베이지13G(리필),WHA,2360,2361,-1.0
5000.0,9311061.0,[단종]이지듀멜라비토닝매트커버팩트21호내추럴19g,MHA,0,1,-1.0
5000.0,9313042.0,이지듀멜라글로우쿠션블러셔7g레드,K24Y001,6,7,-1.0
5000.0,9313100.0,이지듀알엑스포스트레이저미스트50mL,AKA,1615,1616,-1.0
5000.0,1000940.0,DW-EGFLiposol(EGF-나노리포좀)250ppm 1g - DNC,B08897,2200,2200,0.0
5000.0,1000940.0,DW-EGFLiposol(EGF-나노리포좀)250ppm 1g - DNC,B08898,3600,3600,0.0
5000.0,1000940.0,DW-EGFLiposol(EGF-나노리포좀)250ppm 1g - DNC,B09446,96600,96600,0.0
5000.0,1000940.0,DW-EGFLiposol(EGF-나노리포좀)250ppm 1g - DNC,B09350,94600,94600,0.0
5000.0,1000940.0,DW-EGFLiposol(EGF-나노리포좀)250ppm 1g - DNC,B09445,95600,95600,0.0
5000.0,1000940.0,DW-EGFLiposol(EGF-나노리포좀)250ppm 1g - DNC,B09348,28000,28000,0.0
5000.0,2301915.0,[부자재]이지듀쇼핑백(245*95*230)2023프로모션,,13,13,0.0
5000.0,2302226.0,[판촉물_부자재](면세)이지에프멜라토닝패치(5g*4ea)*3ea_슬리브,,2388,2388,0.0
5000.0,2302367.0,[EA]디더블유이지에프더마톡스니들롤러대_2024(AD)_단상자,,17363,17363,0.0
5000.0,2302396.0,[판촉물_부자재]이지듀 한가인 슬리브 (비타C토너용),,13500,13500,0.0
5000.0,2302428.0,[부자재]이지듀2024가정의달VIP싸바리_쇼핑백,,6,6,0.0
5000.0,2302436.0,[부자재][EA]디더블유이지에프더마톡스니들롤러대_단상자,0,5226,5226,0.0
5000.0,2302564.0,[EA]멜라라필프로페셔널툴즈키트_단상자,,2000,2000,0.0
5000.0,2302650.0,[판촉물_부자재]이지듀명절용멜라3-스텝스페셜세트(싸바리),,303,303,0.0
5000.0,2302671.0,[EA]스킨부스터나이아신토닝샷앰플1ml*7ea_슬리브,,4029,4029,0.0
5000.0,2302672.0,[EA]스킨부스터피디알엔리프팅샷앰플1ml*7ea_슬리브,,4214,4214,0.0
5000.0,2302673.0,[EA]스킨부스터엑소좀포어샷앰플1ml*7ea_슬리브,,4750,4750,0.0
5000.0,2302674.0,[EA]스킨부스터히알루론글로우샷앰플1ml*7ea_슬리브,,4721,4721,0.0
5000.0,2302708.0,이지듀스킨부스터엠티에스앰플3.5g_POP단상자,,644,644,0.0
5000.0,2302909.0,[판촉물_부자재]이지듀 베리어크림30G_슬리브,,1600,1600,0.0
5000.0,2302911.0,[판촉물_부자재]멜라토닝 VIP 고급 대관세트(2025)_싸바리,,105,105,0.0
5000.0,2302912.0,[판촉물_부자재]멜라토닝 VIP 고급 대관세트(2025)_패드,,105,105,0.0
5000.0,2302963.0,[판촉물_부자재]멜라 3-스텝 올인원 스페셜세트(패드)_옐로우,,960,960,0.0
5000.0,2302997.0,[판촉물_부자재]멜라토닝 VIP 고급 대관세트(2025)_리플렛,,185,185,0.0
5000.0,2303105.0,[부자재]카카오선물하기전용선물패키지_VER1,,106,106,0.0
5000.0,2303245.0,이지듀멜라비토닝앰플쿠션19호페어세트(본품+리필2)39g(면세)V3단상자,,705,705,0.0
5000.0,2303246.0,이지듀멜라비토닝앰플쿠션21호내추럴세트(본품+리필2)39g(면세)V3단상자,,1023,1023,0.0
5000.0,2303247.0,이지듀멜라비토닝앰플쿠션23호베이지세트(본품+리필2)39g(면세)V3단상자,,715,715,0.0
5000.0,2303260.0,DW-EGF멜라선와이드패치(4g*4매입)_지퍼백ver*3ea(면세)슬리브,,764,764,0.0
5000.0,2303273.0,[부자재_단상자]이지듀멜라비토닝유브이선세럼40ML더블기획(면세),,1100,1100,0.0
5000.0,2303297.0,클리어징크에스오에스스팟15ml_단상자,,4900,4900,0.0
5000.0,2303299.0,클리어B3+B5세럼29ml_단상자,,4500,4500,0.0
5000.0,2303300.0,클리어아하2%토너200ml_단상자,,1000,1000,0.0
5000.0,2303301.0,클리어바하클렌저100ml_단상자,,1000,1000,0.0
5000.0,2303302.0,클리어라하바디미스트100ml_단상자,,1000,1000,0.0
5000.0,2303304.0,클리어바하바디클렌저300g_단상자,,1000,1000,0.0
5000.0,2303305.0,클리어5애씨드필30ml_단상자,,500,500,0.0
5000.0,2303307.0,멜라토닝비타씨토너150ml_단상자,,980,980,0.0
5000.0,2303308.0,DW-EGF멜라선와이드패치(4g*4매입)_지퍼백ver_단상자,,4400,4400,0.0
5000.0,2303310.0,디더블유이지에프멜라토닝원데이앰플30ml_AD(2024)_단상자,,5000,5000,0.0
5000.0,7001011.0,[판촉물_상품]실리콘클렌징브러쉬(비비또)_오렌지,,467,467,0.0
5000.0,7001012.0,[판촉물_상품]클렌징브러쉬듀오,,4323,4323,0.0
5000.0,7300925.0,[판촉물_상품][EA]사각손거울(95x166mm),,686,686,0.0
5000.0,7301049.0,[상품]이지듀MD크림85g,5UA9711,415,415,0.0
5000.0,7301049.0,[상품]이지듀MD크림85g,5UC9711,1000,1000,0.0
5000.0,7301162.0,[판촉물_부자재][EA]리본고리선물케이스(소형)_판매용,,180,180,0.0
5000.0,7301234.0,[EA]아크네클리어필해면스펀지,,1,1,0.0
5000.0,7301347.0,[판촉물_상품]이지듀가정의달세트_단상자,34747,80,80,0.0
5000.0,7301441.0,[EA]디더블유이지에프더마톡스니들롤러대_미품,,16180,16180,0.0
5000.0,7301514.0,[판촉물_부자재][EA]삼각형쇼핑백(끈조립),,3608,3608,0.0
5000.0,7301542.0,[EA]디더블유이지에프 엠티에스 롤러대_AD(2024),0,8125,8125,0.0
5000.0,7301580.0,[판촉물_상품][EA]멜라라필전용브러쉬,0,1040,1040,0.0
5000.0,7301591.0,레티놀배송지연엽서,0,107,107,0.0
5000.0,7301742.0,"[EA]멜라라필프로페셔널툴즈키트(브러쉬,보울)",D241029001,147,147,0.0
5000.0,7301750.0,[판촉물_부자재]이지듀 한가인 사인엽서,0,18910,18910,0.0
5000.0,7301996.0,[판촉물_부자재] 한가인 사인 엽서(리뉴얼),0,1156,1156,0.0
5000.0,7302002.0,[상품]이지듀MD리젠크림85g,4NA9002,498,498,0.0
5000.0,7302002.0,[상품]이지듀MD리젠크림85g,4UA9002,162,162,0.0
5000.0,7302064.0,[상품]이지듀멜라샷비타민CBA건기식파우더2g*30ea,250735,10610,10610,0.0
5000.0,7302065.0,[상품]이지듀멜라샷비타민CBA건기식파우더2g*3ea,250735,379,379,0.0
5000.0,7302184.0,[EA]현대팝업용멜라3종사쉐키트,0,3000,3000,0.0
5000.0,7302185.0,[카카오]멜라비토닝앰플쿠션본품(선물포장)_21호내추럴,0,1,1,0.0
5000.0,7302221.0,[판촉물-상품]이지듀로즈에디션프리저브드플라워,,7093,7093,0.0
5000.0,7302335.0,이지듀밀착커버앰플쿠션퍼프(1개입),0,6121,6121,0.0
5000.0,7302439.0,이지듀멜라비토닝앰플쿠션하운드체크에디션케이스_단상자,20251106,520,520,0.0
5000.0,7302439.0,이지듀멜라비토닝앰플쿠션하운드체크에디션케이스_단상자,20251128,938,938,0.0
5000.0,7302471.0,[부자재_인도네시아]비타앰플클렌저_200ml_용기덧방라벨_V2,20251125,700,700,0.0
5000.0,7302472.0,[부자재_인도네시아]원데이앰플_15ml_용기덧방라벨_V2,20251125,21,21,0.0
5000.0,7302473.0,[부자재_인도네시아]원데이앰플_30ml_용기덧방라벨_V2,20251125,600,600,0.0
5000.0,7302474.0,[부자재_인도네시아]비타앰플클렌저_200ml_단상자덧방라벨_V2,20251125,700,700,0.0
5000.0,7302475.0,[부자재_인도네시아]비타앰플클렌저_30ml_단상자덧방라벨_V2,20251125,250,250,0.0
5000.0,7302477.0,[부자재_인도네시아]원데이앰플_30ml_단상자덧방라벨_V2,20251125,600,600,0.0
5000.0,9301074.0,[RX]포스트레이저미네랄비비크림40ml,AFA,10,10,0.0
5000.0,9301077.0,[RX]포스트레이저젤드레싱마스크시트세트(38ml*5ea),2RK209,1,1,0.0
5000.0,9301079.0,[단종][RX]포스트레이저마일드클렌징젤150ml,CLY,1,1,0.0
5000.0,9301091.0,[단종][RX]센시티브베리어인텐시브150ml,AFA,2104,2104,0.0
5000.0,9301197.0,[RX]포스트레이저시너지크림50ML,AEZ,2462,2462,0.0
5000.0,9301349.0,[RX]포스트레이저퍼펙트쉴드선50ML,ALA,3377,3377,0.0
5000.0,9301702.0,[단종][EA]디더블유이지에프멀티비타세럼B14ML,ACZ,3846,3846,0.0
5000.0,9301703.0,[단종][EA]디더블유이지에프멀티비타세럼C14ML,ACZ,3981,3981,0.0
5000.0,9301704.0,[단종][EA]디더블유이지에프멀티비타세럼E14ML,ACZ,3997,3997,0.0
5000.0,9302803.0,[단종][EA]리더마마스터앰플(1ml*14ea),ABY,43,43,0.0
5000.0,9302971.0,[EA]디더블유이지에프크림프레좀알엑스(30ml*3ea),GLY,43,43,0.0
5000.0,9302971.0,[EA]디더블유이지에프크림프레좀알엑스(30ml*3ea),HLY,544,544,0.0
5000.0,9302972.0,[단종][EA]디더블유이지에프크림리미티드70ml,AHZ,26,26,0.0
5000.0,9303069.0,[RX]포스트레이저리페어컨트롤이지에프(10ml*2ea)_리뉴얼,AEZ,1001,1001,0.0
5000.0,9303143.0,[EX]디더블유이지에프크림모이스트플러스50ML(JP),ABZ,8,8,0.0
5000.0,9304348.0,[단종][EA]디더블유이지에프크림링클컨트롤50ml,DLY,177,177,0.0
5000.0,9305080.0,[EA]디더블유이지에프더마톡스니들샷(40mg*2ea),H27F01,9794,9794,0.0
5000.0,9305530.0,[EA]디더블유이지에프멜라토닝원데이앰플(1ml*7ea)_ver2,NLY,26,26,0.0
5000.0,9305530.0,[EA]디더블유이지에프멜라토닝원데이앰플(1ml*7ea)_ver2,NGZ,15,15,0.0
5000.0,9305535.0,[단종][EA]디더블유이지에프멜라토닝원데이앰플1ml_단상자포장없음,NLY,12137,12137,0.0
5000.0,9305554.0,[EA]베리어리페어크림105ml,KEA,1440,1440,0.0
5000.0,9305554.0,[EA]베리어리페어크림105ml,JCA,209,209,0.0
5000.0,9305555.0,[EA]멜라토닝크림105ml,CHZ,1405,1405,0.0
5000.0,9305555.0,[EA]멜라토닝크림105ml,DHZ,1600,1600,0.0
5000.0,9305555.0,[EA]멜라토닝크림105ml,JLY,908,908,0.0
5000.0,9305555.0,[EA]멜라토닝크림105ml,LLY,161,161,0.0
5000.0,9305555.0,[EA]멜라토닝크림105ml,BGZ,2479,2479,0.0
5000.0,9305555.0,[EA]멜라토닝크림105ml,AGZ,43,43,0.0
5000.0,9305555.0,[EA]멜라토닝크림105ml,NLY,1393,1393,0.0
5000.0,9305555.0,[EA]멜라토닝크림105ml,QLY,2819,2819,0.0
5000.0,9305555.0,[EA]멜라토닝크림105ml,PLY,2178,2178,0.0
5000.0,9305782.0,[EA]디더블유이지에프멜라토닝원데이앰플0.7ml(샤쉐),LFZ,962,962,0.0
5000.0,9305813.0,[OEM]Lekarka Moist Shine Mist_B_50ml,3K1,164,164,0.0
5000.0,9305818.0,[EA]디더블유이지에프멜라토닝원데이앰플12ml,LFZ,1000,1000,0.0
5000.0,9305857.0,[EA]베리어리페어마스크(25G*4매입),AAB,592,592,0.0
5000.0,9305858.0,[EA]베리어리페어미스트60ML,BGA,450,450,0.0
5000.0,9305858.0,[EA]베리어리페어미스트60ML,CHA,5080,5080,0.0
5000.0,9305862.0,[EA]디더블유이지에프멜라토닝원데이앰플(OY기획)(12ml+1ml),HEZ,17,17,0.0
5000.0,9305862.0,[EA]디더블유이지에프멜라토닝원데이앰플(OY기획)(12ml+1ml),HDA,1883,1883,0.0
5000.0,9305865.0,[EA]디더블유이지에프더마톡스니들샷(40mg*4ea),H27F01,673,673,0.0
5000.0,9305865.0,[EA]디더블유이지에프더마톡스니들샷(40mg*4ea),H13F01,1451,1451,0.0
5000.0,9305882.0,[단종][EA]아크네클리어에스오에스스팟2ml,AFY,101,101,0.0
5000.0,9305884.0,[단종][EA]아크네클리어토너200ml,BGY,134,134,0.0
5000.0,9305942.0,[EA]옴므올인원플루이드80ml,EHA,5292,5292,0.0
5000.0,9305997.0,[단종][EA]아크네클리어필1.9ml,DG001,5250,5250,0.0
5000.0,9306018.0,[EA]베리어리페어크림30g,OFA,1077,1077,0.0
5000.0,9306037.0,[EA]디더블유이지에프멜라토닝원데이앰플8ml,ABZ,2,2,0.0
5000.0,9306140.0,[EA]디더블유이지에프크림리페어솔루션50ml,ABA,3316,3316,0.0
5000.0,9306140.0,[EA]디더블유이지에프크림리페어솔루션50ml,BHA,10080,10080,0.0
5000.0,9306242.0,[EA]베리어리페어크림50ml,RHA,1037,1037,0.0
5000.0,9306559.0,[EA]베리어리페어마스크25G_1매입,BFA,2,2,0.0
5000.0,9306638.0,[EA]디더블유이지에프투엑스멜라토닝원데이앰플1ml(샤쉐),ABZ,1590,1590,0.0
5000.0,9306638.0,[EA]디더블유이지에프투엑스멜라토닝원데이앰플1ml(샤쉐),AGA,89400,89400,0.0
5000.0,9306763.0,[EA]디더블유이지에프트리플안티옥시던트크림2ml(샤쉐),AMY,12482,12482,0.0
5000.0,9306764.0,[EA]디더블유이지에프트리플안티옥시던트크림50ml,AMY,3,3,0.0
5000.0,9306764.0,[EA]디더블유이지에프트리플안티옥시던트크림50ml,KEZ,13,13,0.0
5000.0,9306765.0,[EA]디더블유이지에프트리플안티옥시던트크림75ml,DAZ,184,184,0.0
5000.0,9306903.0,[EA]디더블유이지에프비타민씨부스팅앰플25_13g,BDZ,3,3,0.0
5000.0,9306956.0,[EA]디더블유이지에프원데이앰플(12ml+0.7ml)*3ea_(면세),D250924002,418,418,0.0
5000.0,9306956.0,[EA]디더블유이지에프원데이앰플(12ml+0.7ml)*3ea_(면세),D251215007,958,958,0.0
5000.0,9306957.0,[EA]리더마마스터앰플(1ml*14ea)*3ea_(면세),D251215008,122,122,0.0
5000.0,9307044.0,[EA]디더블유이지에프멜라토닝원데이앰플30ml_AD(2024),HDA,8839,8839,0.0
5000.0,9307044.0,[EA]디더블유이지에프멜라토닝원데이앰플30ml_AD(2024),JFZ,49,49,0.0
5000.0,9307045.0,[단종][EA]디더블유이지에프멜라토닝패치(5g*4ea)_AD(2024),OMZ,2,2,0.0
5000.0,9307045.0,[단종][EA]디더블유이지에프멜라토닝패치(5g*4ea)_AD(2024),NMZ,1,1,0.0
5000.0,9307045.0,[단종][EA]디더블유이지에프멜라토닝패치(5g*4ea)_AD(2024),MMZ,1,1,0.0
5000.0,9307045.0,[단종][EA]디더블유이지에프멜라토닝패치(5g*4ea)_AD(2024),LMZ,22,22,0.0
5000.0,9307045.0,[단종][EA]디더블유이지에프멜라토닝패치(5g*4ea)_AD(2024),KMZ,3,3,0.0
5000.0,9307045.0,[단종][EA]디더블유이지에프멜라토닝패치(5g*4ea)_AD(2024),CMZ,118,118,0.0
5000.0,9307045.0,[단종][EA]디더블유이지에프멜라토닝패치(5g*4ea)_AD(2024),GMZ,19,19,0.0
5000.0,9307045.0,[단종][EA]디더블유이지에프멜라토닝패치(5g*4ea)_AD(2024),HMZ,57,57,0.0
5000.0,9307045.0,[단종][EA]디더블유이지에프멜라토닝패치(5g*4ea)_AD(2024),JMZ,2,2,0.0
5000.0,9307048.0,[단종][EA]디더블유이지에프크림다이브좀50ML_AD(2024),ACZ,74,74,0.0
5000.0,9307127.0,[EA]DW이지에프10ppm원데이2700샷(40mg*4ea)_덧방용,H14E01,169,169,0.0
5000.0,9307138.0,[EA]멜라토닝선에센스크림45ml,ABA,10,10,0.0
5000.0,9307203.0,[EA]디더블유이지에프10ppm비타민샷마이크로패치_4입,S0Q924005,254,254,0.0
5000.0,9307203.0,[EA]디더블유이지에프10ppm비타민샷마이크로패치_4입,S0Q924004,734,734,0.0
5000.0,9307203.0,[EA]디더블유이지에프10ppm비타민샷마이크로패치_4입,S0Q924006,845,845,0.0
5000.0,9307222.0,[단종[EA]디더블유EGF10ppm원데이엠티에스2700샷(4개입)_스몰랩,24B012,204,204,0.0
5000.0,9307272.0,[EA]디더블유이지에프멜라토닝패치1매입(5g)_AD(2024)V2,DJA,4,4,0.0
5000.0,9307272.0,[EA]디더블유이지에프멜라토닝패치1매입(5g)_AD(2024)V2,EJA,4000,4000,0.0
5000.0,9307276.0,[EA]DW-EGF클리어선패치(2매입*4ea),739,4,4,0.0
5000.0,9307278.0,[EA]DW-EGF멜라라필스텝1(50ml),EMGF02,7,7,0.0
5000.0,9307279.0,"[EA]멜라라필프로그램(스텝1 3ml, 스텝2 15g*4ea,브러쉬)oy",EMGF01,12275,12275,0.0
5000.0,9307325.0,[단종][EA]DW이지에프멜라토닝선패드(2개입)_파우치ver.,QD01,936,936,0.0
5000.0,9307343.0,[EA]이지듀DW-EGF레티노0.03프로멜라토닝크림30ml(베이직),JJZ,1455,1455,0.0
5000.0,9307343.0,[EA]이지듀DW-EGF레티노0.03프로멜라토닝크림30ml(베이직),HHZ,8062,8062,0.0
5000.0,9307350.0,[EA]DW-EGF멜라토닝원데이앰플[oy패치기획]_(5g*2ea+12ml,PGA,37,37,0.0
5000.0,9307350.0,[EA]DW-EGF멜라토닝원데이앰플[oy패치기획]_(5g*2ea+12ml,QGA,17,17,0.0
5000.0,9307350.0,[EA]DW-EGF멜라토닝원데이앰플[oy패치기획]_(5g*2ea+12ml,OGA,37,37,0.0
5000.0,9307350.0,[EA]DW-EGF멜라토닝원데이앰플[oy패치기획]_(5g*2ea+12ml,CBA,17,17,0.0
5000.0,9307350.0,[EA]DW-EGF멜라토닝원데이앰플[oy패치기획]_(5g*2ea+12ml,TLZ,3,3,0.0
5000.0,9307350.0,[EA]DW-EGF멜라토닝원데이앰플[oy패치기획]_(5g*2ea+12ml,BBA,6,6,0.0
5000.0,9307351.0,"[EA]]DW-EGF멜라토닝MTS프로그램[니들1,롤러대,앰플1ml)oy",D241231001,368,368,0.0
5000.0,9307383.0,[단종][EA]디더블유이지에프쓰리엑스멜라토닝세븐데이즈앰플3ml,ADZ,369,369,0.0
5000.0,9307529.0,[EA]멜라토닝비타씨토너30ml,BEZ,2081,2081,0.0
5000.0,9307551.0,[EA]멀티비타앰플클렌저30ml,QE02,108,108,0.0
5000.0,9307552.0,[EA]멀티비타앰플클렌저200ml,QE02,663,663,0.0
5000.0,9307552.0,[EA]멀티비타앰플클렌저200ml,QE05,25,25,0.0
5000.0,9307604.0,[세트]이지듀디더블유이지에프멜라토닝기획세트(앰플+패치)_(컬리),D250115001,255,255,0.0
5000.0,9307728.0,[EA]클리어바하클렌저 100ml,BGZ,2375,2375,0.0
5000.0,9307728.0,[EA]클리어바하클렌저 100ml,CGZ,6797,6797,0.0
5000.0,9307832.0,"[세트] 이지듀 학회용 한가인 기미토닝세트(1ML앰플,니들세트,패치)",D241017008,1,1,0.0
5000.0,9307900.0,[EA]클리어아하2%토너 200ml,AFZ,3457,3457,0.0
5000.0,9307905.0,[EA]클리어징크에스오에스스팟 15ml,AFZ,10224,10224,0.0
5000.0,9307906.0,[단종][EA]클리어5애씨드필 30ml,CEF001,8414,8414,0.0
5000.0,9307962.0,[EA]멜라비타12앰플클렌저_샤셰(2ml),QE05,68034,68034,0.0
5000.0,9307963.0,[EA]이지듀멜라글루타치온크림샤셰2g,GFZ,5505,5505,0.0
5000.0,9307970.0,[EA]DW-EGF클리어선패치 1매,739,39065,39065,0.0
5000.0,9307970.0,[EA]DW-EGF클리어선패치 1매,928,286,286,0.0
5000.0,9307972.0,[EA]DW이지에프멜라토닝선패드 1매,QD01,5767,5767,0.0
5000.0,9308000.0,[EA]클리어바하바디클렌저 300g,QF01,3028,3028,0.0
5000.0,9308000.0,[EA]클리어바하바디클렌저 300g,QF02,4844,4844,0.0
5000.0,9308000.0,[EA]클리어바하바디클렌저 300g,QF03,5320,5320,0.0
5000.0,9308000.0,[EA]클리어바하바디클렌저 300g,QG04,5211,5211,0.0
5000.0,9308074.0,[EA]디더블유이지에프멜라토닝원데이앰플15ml,CBA,9,9,0.0
5000.0,9308074.0,[EA]디더블유이지에프멜라토닝원데이앰플15ml,BAA,1,1,0.0
5000.0,9308074.0,[EA]디더블유이지에프멜라토닝원데이앰플15ml,SLZ,537,537,0.0
5000.0,9308074.0,[EA]디더블유이지에프멜라토닝원데이앰플15ml,EBA,5,5,0.0
5000.0,9308228.0,[EA]멜라씨비타에센스토너30ml,DHA,30169,30169,0.0
5000.0,9308229.0,[EA]멜라비타12앰플클렌저30ML,RJ03,49181,49181,0.0
5000.0,9308229.0,[EA]멜라비타12앰플클렌저30ML,QE06,551,551,0.0
5000.0,9308231.0,[단종][EA]멜라선앰플패드_1매(3ml)*15입,QF02,9860,9860,0.0
5000.0,9308236.0,[EA]이지듀멜라글루타치온크림50ml,VHA,1199,1199,0.0
5000.0,9308304.0,"[EA]멜라라필프로그램(스텝1 3ml, 스텝2 15g*4ea,브러쉬)직영",EMGG01,2582,2582,0.0
5000.0,9308335.0,[RX]이지듀알엑스포스트레이저센시티브베리어150ml_AD,BHA,3043,3043,0.0
5000.0,9308335.0,[RX]이지듀알엑스포스트레이저센시티브베리어150ml_AD,CHA,4760,4760,0.0
5000.0,9308336.0,[RX]이지듀알엑스포스트레이저리뉴얼모이스처50ml_AD,AKZ,6454,6454,0.0
5000.0,9308337.0,[RX]알엑스포스트레이저비비크림40ml_AD,AKZ,3293,3293,0.0
5000.0,9308426.0,[EA]멜라에이레티노0.03프로크림_10ml+1ml(올리브영),JJZ,6508,6508,0.0
5000.0,9308427.0,[EA]클리어라하바디미스트 100ml,QG01,9250,9250,0.0
5000.0,9308427.0,[EA]클리어라하바디미스트 100ml,QH02,9880,9880,0.0
5000.0,9308494.0,[EX]멜라비타앰플데일리마스크30매입(310g),435DH,4061,4061,0.0
5000.0,9308494.0,[EX]멜라비타앰플데일리마스크30매입(310g),434DH,19,19,0.0
5000.0,9308616.0,[EA]DW-EGF멜라선와이드패치(4g*4매입)_지퍼백ver,738,9990,9990,0.0
5000.0,9308616.0,[EA]DW-EGF멜라선와이드패치(4g*4매입)_지퍼백ver,757,9585,9585,0.0
5000.0,9308616.0,[EA]DW-EGF멜라선와이드패치(4g*4매입)_지퍼백ver,721,10260,10260,0.0
5000.0,9308616.0,[EA]DW-EGF멜라선와이드패치(4g*4매입)_지퍼백ver,736,10530,10530,0.0
5000.0,9308616.0,[EA]DW-EGF멜라선와이드패치(4g*4매입)_지퍼백ver,735,10260,10260,0.0
5000.0,9308656.0,[단종][EA]멜라비토닝앰플쿠션23호 베이지(본품)_15g,CMZ,1,1,0.0
5000.0,9308656.0,[단종][EA]멜라비토닝앰플쿠션23호 베이지(본품)_15g,DMZ,1,1,0.0
5000.0,9308657.0,[단종][EA]멜라비토닝앰플쿠션21호페어(리필)_15g,BMZ,2841,2841,0.0
5000.0,9308658.0,[단종][EA]멜라비토닝앰플쿠션21호내추럴(리필)_15g,EMZ,2,2,0.0
5000.0,9308659.0,[단종][EA]멜라비토닝앰플쿠션23호 베이지(리필)_15g,DMZ,4979,4979,0.0
5000.0,9308690.0,[EX]디더블유이지에프멜라토닝원데이앰플10ml,BAA,112,112,0.0
5000.0,9308690.0,[EX]디더블유이지에프멜라토닝원데이앰플10ml,EBA,10361,10361,0.0
5000.0,9308690.0,[EX]디더블유이지에프멜라토닝원데이앰플10ml,AAA,87,87,0.0
5000.0,9308763.0,[EA]멜라비토닝원데이앰플0.7ml(샤쉐),PHZ,33474,33474,0.0
5000.0,9308765.0,[EA]멜라비토닝패치풀페이스(24g*6ea),YLZ,11,11,0.0
5000.0,9308765.0,[EA]멜라비토닝패치풀페이스(24g*6ea),ZLZ,35,35,0.0
5000.0,9308771.0,[EA]스킨부스터엠티에스앰플3.5ml,CLZ,2679,2679,0.0
5000.0,9308771.0,[EA]스킨부스터엠티에스앰플3.5ml,DLZ,6225,6225,0.0
5000.0,9308772.0,[EA]이지듀스킨부스터나이아신토닝샷앰플1ml*7ea,SBN,3796,3796,0.0
5000.0,9308773.0,[EA]스킨부스터피디알엔리프팅샷앰플1ml*7ea,SBP,1117,1117,0.0
5000.0,9308774.0,[EA]스킨부스터엑소좀포어샷앰플1ml*7ea,SBE,5173,5173,0.0
5000.0,9308775.0,[EA]스킨부스터히알루론글로우샷앰플1ml*7ea,SBH,3686,3686,0.0
5000.0,9308812.0,[EA]멜라에이레티노0.3프로트리트먼트15ml,AKZ,6429,6429,0.0
5000.0,9308817.0,[세트]이지듀한가인슬리브(쿠팡앰플샷2종),D240902001,2335,2335,0.0
5000.0,9308818.0,"[세트]명절용멜라3-스텝스페셜세트(멜라토너,크림,앰플,레티노)",D250908001,18,18,0.0
5000.0,9308885.0,"24추석_멜라토닝데일리케어세트(베리어토너,기미크림,앰플,패치)",D250421002,11,11,0.0
5000.0,9308948.0,[ODM][RX]이지듀알엑스리페어컨트롤리뉴얼인텐시브모이스처50ml,AKZ,10,10,0.0
5000.0,9309149.0,[EA]멜라거즈드레싱마스크(4매입),652DL,7511,7511,0.0
5000.0,9309160.0,[EA]리프트거즈드레싱마스크(25g*3매입),510DM,327,327,0.0
5000.0,9309160.0,[EA]리프트거즈드레싱마스크(25g*3매입),620DL,563,563,0.0
5000.0,9309213.0,[EA]리프트이지에프10코어이펙트앰플30ml,DBA,1362,1362,0.0
5000.0,9309214.0,[EA]리프트이지에프10코어이펙트앰플1ml(샤셰),AAB,1763,1763,0.0
5000.0,9309250.0,[oy기획]스킨부스터나이아신토닝샷앰플1ml*7ea,D251209001,43,43,0.0
5000.0,9309250.0,[oy기획]스킨부스터나이아신토닝샷앰플1ml*7ea,D260113001,100,100,0.0
5000.0,9309251.0,[oy기획]스킨부스터피디알엔리프팅샷앰플1ml*7ea,D260113002,83,83,0.0
5000.0,9309252.0,[oy기획]스킨부스터엑소좀포어샷앰플1ml*7ea,SBE,13,13,0.0
5000.0,9309252.0,[oy기획]스킨부스터엑소좀포어샷앰플1ml*7ea,D260113003,91,91,0.0
5000.0,9309253.0,[oy기획]스킨부스터히알루론글로우샷앰플1ml*7ea,SBH,17,17,0.0
5000.0,9309253.0,[oy기획]스킨부스터히알루론글로우샷앰플1ml*7ea,D250207004,4,4,0.0
5000.0,9309253.0,[oy기획]스킨부스터히알루론글로우샷앰플1ml*7ea,D250626004,50,50,0.0
5000.0,9309253.0,[oy기획]스킨부스터히알루론글로우샷앰플1ml*7ea,D260113004,100,100,0.0
5000.0,9309314.0,[RX]포스트레이저센시티브베리어1ml(샤셰),CMZ,98579,98579,0.0
5000.0,9309315.0,[RX]포스트레이저리뉴얼모이스처1ml(샤셰),BMZ,98580,98580,0.0
5000.0,9309330.0,이지듀스킨부스터엠티에스앰플(본품) 3.5g,D260113005,96,96,0.0
5000.0,9309392.0,[EA]멜라글루타치온크림105ml,QHA,4800,4800,0.0
5000.0,9309392.0,[EA]멜라글루타치온크림105ml,RHA,1895,1895,0.0
5000.0,9309503.0,[EA]멜라비토닝앰플쿠션19호페어(본품)_V2,BAA,19,19,0.0
5000.0,9309505.0,[EA]멜라비토닝앰플쿠션21호내추럴(본품)_V2,BAA,68,68,0.0
5000.0,9309506.0,[EA]멜라비토닝앰플쿠션23호베이지(본품)_V2,CBA,8,8,0.0
5000.0,9309506.0,[EA]멜라비토닝앰플쿠션23호베이지(본품)_V2,AAA,335,335,0.0
5000.0,9309506.0,[EA]멜라비토닝앰플쿠션23호베이지(본품)_V2,BAA,1,1,0.0
5000.0,9309506.0,[EA]멜라비토닝앰플쿠션23호베이지(본품)_V2,DMZ,3,3,0.0
5000.0,9309507.0,[EA]멜라비토닝앰플쿠션19호페어(리필)_V2,BAA,4459,4459,0.0
5000.0,9309509.0,[EA]멜라비토닝앰플쿠션23호베이지(리필)_V2,BAA,679,679,0.0
5000.0,9309509.0,[EA]멜라비토닝앰플쿠션23호베이지(리필)_V2,AAA,224,224,0.0
5000.0,9309510.0,[EA]디더블유이지에프멜라패치(Japan) 5g*4ea,EAA,3140,3140,0.0
5000.0,9309511.0,[EA]멜라글루타치온크림(Japan) 50ml,AAA,4807,4807,0.0
5000.0,9309593.0,이지듀쓰리엑스멜라비토닝패치3g*6ea,296,508,508,0.0
5000.0,9309593.0,이지듀쓰리엑스멜라비토닝패치3g*6ea,298,978,978,0.0
5000.0,9309593.0,이지듀쓰리엑스멜라비토닝패치3g*6ea,300,158,158,0.0
5000.0,9309712.0,[세트]이지듀 2025신년 패키지 SET 기미앰플 30ml * 6EA,0,7,7,0.0
5000.0,9309713.0,[세트]이지듀 2025신년 패키지 SET 항산화 30ml * 4EA,0,6,6,0.0
5000.0,9309744.0,[EA]멜라비토닝앰플쿠션트라이얼3열샤쉐0.2ml*3ea,BAA,33,33,0.0
5000.0,9309795.0,[EA]멜라오버나이트멜팅크림 50g,KGA,7584,7584,0.0
5000.0,9309798.0,[EA]이지에프코어부스팅아이크림30ml,J11Y007,38298,38298,0.0
5000.0,9309831.0,[EA]멜라비토닝유브이선스틱20g,E26Y003,2169,2169,0.0
5000.0,9309831.0,[EA]멜라비토닝유브이선스틱20g,H04Y004,6063,6063,0.0
5000.0,9309834.0,[EA]멜라비토닝UV선세럼40ml+40ml(OY),ACA,1066,1066,0.0
5000.0,9309834.0,[EA]멜라비토닝UV선세럼40ml+40ml(OY),EHA,1817,1817,0.0
5000.0,9309837.0,[EA]멜라비토닝유브이선세럼투엑스사셰1ml,ACA,3121,3121,0.0
5000.0,9309838.0,[EA]멜라비토닝앰플쿠션19호페어(본품)15g_V3_,JBA,1668,1668,0.0
5000.0,9309838.0,[EA]멜라비토닝앰플쿠션19호페어(본품)15g_V3_,EBA,1150,1150,0.0
5000.0,9309839.0,[EA]멜라비토닝앰플쿠션21호내추럴(본품)15g_V3,JHA,2405,2405,0.0
5000.0,9309900.0,[EA]멜라비토닝앰플쿠션23호베이지(본품)15g_V3,UHA,13142,13142,0.0
5000.0,9309900.0,[EA]멜라비토닝앰플쿠션23호베이지(본품)15g_V3,VHA,5725,5725,0.0
5000.0,9309902.0,[EA]멜라비토닝앰플쿠션19호페어(리필)15g_V3,DBA,21272,21272,0.0
5000.0,9309902.0,[EA]멜라비토닝앰플쿠션19호페어(리필)15g_V3,JBA,8236,8236,0.0
5000.0,9309902.0,[EA]멜라비토닝앰플쿠션19호페어(리필)15g_V3,GBA,13860,13860,0.0
5000.0,9309902.0,[EA]멜라비토닝앰플쿠션19호페어(리필)15g_V3,FBA,20755,20755,0.0
5000.0,9309903.0,[EA]멜라비토닝앰플쿠션21호내추럴(리필)15g_V3,WKA,14331,14331,0.0
5000.0,9309904.0,[EA]멜라비토닝앰플쿠션23호베이지(리필)15g_V3,XJA,4810,4810,0.0
5000.0,9309904.0,[EA]멜라비토닝앰플쿠션23호베이지(리필)15g_V3,YJA,8270,8270,0.0
5000.0,9309908.0,[EA]디더블유이지에프멜라토닝패치(5g*4ea)_V2,GJA,4500,4500,0.0
5000.0,9309908.0,[EA]디더블유이지에프멜라토닝패치(5g*4ea)_V2,HJA,4050,4050,0.0
5000.0,9309908.0,[EA]디더블유이지에프멜라토닝패치(5g*4ea)_V2,JJA,4047,4047,0.0
5000.0,9309908.0,[EA]디더블유이지에프멜라토닝패치(5g*4ea)_V2,KJA,4000,4000,0.0
5000.0,9309908.0,[EA]디더블유이지에프멜라토닝패치(5g*4ea)_V2,LJA,3100,3100,0.0
5000.0,9309908.0,[EA]디더블유이지에프멜라토닝패치(5g*4ea)_V2,MJA,4250,4250,0.0
5000.0,9309908.0,[EA]디더블유이지에프멜라토닝패치(5g*4ea)_V2,NJA,3650,3650,0.0
5000.0,9309908.0,[EA]디더블유이지에프멜라토닝패치(5g*4ea)_V2,EJA,3350,3350,0.0
5000.0,9309908.0,[EA]디더블유이지에프멜라토닝패치(5g*4ea)_V2,FJA,4050,4050,0.0
5000.0,9309910.0,[EA]멀티비타12앰플클렌저200ml,RJ04,4995,4995,0.0
5000.0,9310226.0,[단종]멜라비토닝매트커버쿠션19호페어(본품)_19g,CEA,1,1,0.0
5000.0,9310226.0,[단종]멜라비토닝매트커버쿠션19호페어(본품)_19g,ACA,2,2,0.0
5000.0,9310228.0,[단종]멜라비토닝매트커버쿠션21호내추럴(본품)_19g,EEA,5,5,0.0
5000.0,9310230.0,[단종]멜라비토닝매트커버쿠션23호베이지(본품)_19g,ACA,1,1,0.0
5000.0,9310230.0,[단종]멜라비토닝매트커버쿠션23호베이지(본품)_19g,BEA,1,1,0.0
5000.0,9310233.0,[EA]멜라비토닝앰플쿠션21호내추럴(미니)_8g,RGA,544,544,0.0
5000.0,9310446.0,[EA]멜라UV틴티드글로우립레드3.6g,ACA,42,42,0.0
5000.0,9310448.0,[EA]멜라UV틴티드글로우립핑크3.6g,EHA,13898,13898,0.0
5000.0,9310450.0,[EA]멜라UV틴티드글로우립다크레드3.6g,ACA,557,557,0.0
5000.0,9310451.0,[EA]멜라UV틴티드글로우립코랄3.6g,DHA,19978,19978,0.0
5000.0,9310454.0,멜라비토닝앰플글로우겔마스크30g(4매입),128EH,2400,2400,0.0
5000.0,9310454.0,멜라비토닝앰플글로우겔마스크30g(4매입),127EH,2520,2520,0.0
5000.0,9310455.0,[EA]디더블유이지에프클리어선패치4g(4매입)V2,503DW,20030,20030,0.0
5000.0,9310455.0,[EA]디더블유이지에프클리어선패치4g(4매입)V2,502DW,40200,40200,0.0
5000.0,9310457.0,이지듀멜라비토닝앰플쿠션19호페어13G,PHA,7350,7350,0.0
5000.0,9310458.0,이지듀멜라비토닝앰플쿠션21호내추럴13G,KHA,1423,1423,0.0
5000.0,9310458.0,이지듀멜라비토닝앰플쿠션21호내추럴13G,LHA,1331,1331,0.0
5000.0,9310561.0,이지듀멜라비토닝앰플쿠션19호페어13G(리필),MFA,1982,1982,0.0
5000.0,9310561.0,이지듀멜라비토닝앰플쿠션19호페어13G(리필),OHA,2282,2282,0.0
5000.0,9310562.0,이지듀멜라비토닝앰플쿠션21호내추럴13G(리필),GEA,28,28,0.0
5000.0,9310562.0,이지듀멜라비토닝앰플쿠션21호내추럴13G(리필),EHA,46,46,0.0
5000.0,9310562.0,이지듀멜라비토닝앰플쿠션21호내추럴13G(리필),HHA,595,595,0.0
5000.0,9310593.0,[EA]이지듀멜라비토닝원데이앰플로즈30ml,BDA,9722,9722,0.0
5000.0,9310594.0,[EA]이지듀멜라비토닝원데이앰플로즈15ml,BDA,5963,5963,0.0
5000.0,9310613.0,[EA]멜라비토닝패치풀페이스(24g*1ea),GKZ,761,761,0.0
5000.0,9310616.0,[EA]이지듀멜라토닝원데이앰플15ml(2025_추출물용매분리버전),HHA,6774,6774,0.0
5000.0,9310618.0,[세트]멜라토닝원데이앰플10ml_카카오,D250609005,53,53,0.0
5000.0,9310619.0,[세트]멜라비토닝투엑스유브이선세럼40ml_카카오,D251001001,72,72,0.0
5000.0,9310619.0,[세트]멜라비토닝투엑스유브이선세럼40ml_카카오,D251020006,100,100,0.0
5000.0,9310695.0,멜라비토닝앰플쿠션23호베이지(미니)_8g,SFA,709,709,0.0
5000.0,9310696.0,멜라비토닝앰플쿠션22호라이트베이지(미니)_8g,BEA,101,101,0.0
5000.0,9310698.0,멜라비토닝앰플쿠션22호라이트베이지(본품)_13g,AEA,224,224,0.0
5000.0,9310699.0,멜라비토닝앰플쿠션22호라이트베이지(리필)_13g,AEA,2256,2256,0.0
5000.0,9310699.0,멜라비토닝앰플쿠션22호라이트베이지(리필)_13g,BEA,822,822,0.0
5000.0,9310772.0,[세트]기미쿠션+글로우립밤세트_19호_카카오,0,39,39,0.0
5000.0,9310774.0,[세트]기미쿠션+글로우립밤세트_23호_카카오,D250422002,2,2,0.0
5000.0,9310805.0,이지듀멜라비토닝매트커버팩트19호페어(리필)_19g,GGA,13675,13675,0.0
5000.0,9310805.0,이지듀멜라비토닝매트커버팩트19호페어(리필)_19g,JGA,239,239,0.0
5000.0,9310805.0,이지듀멜라비토닝매트커버팩트19호페어(리필)_19g,LHA,473,473,0.0
5000.0,9310805.0,이지듀멜라비토닝매트커버팩트19호페어(리필)_19g,MHA,11805,11805,0.0
5000.0,9310845.0,이지듀멜라비토닝앰플쿠션본품(선물포장)_21호내추럴(카카오),D250804006,568,568,0.0
5000.0,9310845.0,이지듀멜라비토닝앰플쿠션본품(선물포장)_21호내추럴(카카오),D251230007,50,50,0.0
5000.0,9310851.0,DW-EGF멜라선와이드패치(4g*4매입)_지퍼백ver*3ea(면세),D250811009,174,174,0.0
5000.0,9310851.0,DW-EGF멜라선와이드패치(4g*4매입)_지퍼백ver*3ea(면세),D251215009,520,520,0.0
5000.0,9310878.0,이지듀멜라비토닝유브이선세럼40ml,CEA,10800,10800,0.0
5000.0,9310878.0,이지듀멜라비토닝유브이선세럼40ml,DFA,10000,10000,0.0
5000.0,9310904.0,이지듀멜라토닝로즈앰플30ML&미스트50ML_25가정의달(직영몰),0,49,49,0.0
5000.0,9310905.0,이지듀멜라토닝로즈앰플30ML*2EA_25가정의달(직영몰),D251016001,33,33,0.0
5000.0,9310906.0,이지듀멜라토닝로즈앰플30ML*4EA_25가정의달(직영몰),D250508001,135,135,0.0
5000.0,9310907.0,이지듀멜라토닝로즈앰플30ML*1EA_25가정의달(제로샵),D250428002,4,4,0.0
5000.0,9310908.0,이지듀멜라토닝로즈앰플30ML*앰플쿠션19호페어15G_25가정의달(제로샵),D250428004,34,34,0.0
5000.0,9310930.0,이지듀멜라토닝로즈앰플30ML*앰플쿠션23호베이15G_25가정의달(제로샵),D250428005,37,37,0.0
5000.0,9310964.0,이지듀로즈앰플15ML&미스트50ML듀오세트(카카오),D250508003,1,1,0.0
5000.0,9310970.0,이지듀로즈앰플15ML*2EA세트(카카오),D250428003,49,49,0.0
5000.0,9310971.0,이지듀로즈앰플15ML세트(카카오),D250508005,150,150,0.0
5000.0,9311056.0,이지듀멜라오버나이트멜팅크림30g(홈쇼핑),EEA,143,143,0.0
5000.0,9311058.0,이지듀멜라비토닝딥클렌징오일200ml,F21Y002,5741,5741,0.0
5000.0,9311058.0,이지듀멜라비토닝딥클렌징오일200ml,H14Y003,15395,15395,0.0
5000.0,9311058.0,이지듀멜라비토닝딥클렌징오일200ml,H18Y005,2039,2039,0.0
5000.0,9311062.0,[단종]이지듀멜라비토닝매트커버팩트23호베이지19g,GHA,90,90,0.0
5000.0,9311068.0,[세트]이지듀비타민C부스팅앰플13G+글루타치온크림샤셰2G*2개입(올리브영,BHA,2688,2688,0.0
5000.0,9311069.0,이지듀멜라비토닝엔자임파우더워시60g,G08Y001,5701,5701,0.0
5000.0,9311086.0,[세트]이지듀멜라비토닝매트커버팩트19호+글로우립로즈세트(카카오),D250718007,62,62,0.0
5000.0,9311086.0,[세트]이지듀멜라비토닝매트커버팩트19호+글로우립로즈세트(카카오),D251230005,200,200,0.0
5000.0,9311087.0,[세트]이지듀멜라비토닝매트커버팩트21호+글로우립세트(카카오),D250620001,1,1,0.0
5000.0,9311122.0,이지듀멜라비토닝매트커버팩트21호(미니)_10g,HFA,70,70,0.0
5000.0,9311122.0,이지듀멜라비토닝매트커버팩트21호(미니)_10g,UJA,5000,5000,0.0
5000.0,9311125.0,이지듀멜라비토닝앰플쿠션트라이얼4열샤쉐0.2g*4ea,AAB,40000,40000,0.0
5000.0,9311126.0,이지듀멜라비토닝앰플쿠션19호페어본품13g+리필13g기획세트(올리브영),NGA,15187,15187,0.0
5000.0,9311126.0,이지듀멜라비토닝앰플쿠션19호페어본품13g+리필13g기획세트(올리브영),D250718004,163,163,0.0
5000.0,9311127.0,이지듀멜라비토닝앰플쿠션21호내추럴본품13g+리필13g기획세트(올리브영),YGA,16250,16250,0.0
5000.0,9311127.0,이지듀멜라비토닝앰플쿠션21호내추럴본품13g+리필13g기획세트(올리브영),D250718005,50,50,0.0
5000.0,9311127.0,이지듀멜라비토닝앰플쿠션21호내추럴본품13g+리필13g기획세트(올리브영),XGA,2822,2822,0.0
5000.0,9311128.0,이지듀멜라비토닝앰플쿠션23호베이지본품13g+리필13g기획세트(올리브영),HBA,18,18,0.0
5000.0,9311129.0,이지듀멜라비토닝매트커버팩트19호(블리스터)_0.5g,HGA,38549,38549,0.0
5000.0,9311131.0,이지듀멜라비토닝매트커버팩트23호(블리스터)_0.5g,FGA,34261,34261,0.0
5000.0,9311132.0,[세트]로즈에디션 쿠션15G_21호&프리저브드플라워(카카오),D250811004,101,101,0.0
5000.0,9311133.0,[세트]로즈에디션 쿠션15G_19호&프리저브드플라워(카카오),D250514003,7,7,0.0
5000.0,9311134.0,[세트]로즈에디션 쿠션15G_23호&프리저브드플라워(카카오),D250514005,16,16,0.0
5000.0,9311135.0,[세트]이지듀멜라앰플쿠션19호페어_13G(본품1+리필2)_(면세),D251215010,1170,1170,0.0
5000.0,9311136.0,[세트]이지듀멜라앰플쿠션21호내추럴_13G(본품1+리필2)_(면세),D251215011,3105,3105,0.0
5000.0,9311137.0,[세트]이지듀멜라앰플쿠션23호베이지_13G(본품1+리필2)_(면세),D251215012,1125,1125,0.0
5000.0,9311138.0,이지듀멜라토닝로즈앰플30ML*기미앰플30ML_25가정의달(직영몰),D250515001,796,796,0.0
5000.0,9311169.0,이지듀멜라토닝원데이앰플시카알로에15ml,BFA,234,234,0.0
5000.0,9311190.0,이지듀멜라토닝원데이앰플시카알로에30ml,BFA,14655,14655,0.0
5000.0,9311191.0,이지듀멜라토닝울트라카밍토너시카알로에130ML,BFA,68,68,0.0
5000.0,9311192.0,이지듀멜라토닝겔패치시카알로에12g(4매입),660EG,2809,2809,0.0
5000.0,9311194.0,리프트코어이펙트앰플겔패치(4매입)(홈쇼핑),838EE,1916,1916,0.0
5000.0,9311212.0,[세트]이지듀클리어B3+B5세럼29ml(아마존),AFZ,400,400,0.0
5000.0,9311213.0,[카카오]멜라비토닝앰플쿠션본품(선물포장)_19호페어,D250609003,32,32,0.0
5000.0,9311321.0,이지듀멜라비토닝앰플쿠션본품(선물포장)_23호베이지(카카오),D250609002,34,34,0.0
5000.0,9311330.0,멜라비토닝앰플쿠션22호라이트베이지(리필)_15g,FHA,8000,8000,0.0
5000.0,9311331.0,멜라비토닝앰플쿠션22호라이트베이지(본품)_15g,EHA,10800,10800,0.0
5000.0,9311388.0,이지듀멜라오버나이트멜팅크림1g(샤쉐),GFA,2141,2141,0.0
5000.0,9311432.0,이지듀클리어징크SOS스팟1ML,AHA,30147,30147,0.0
5000.0,9311503.0,이지듀디더블유이지에프멜라토닝원데이앰플1ml(단품),NLY,10,10,0.0
5000.0,9311674.0,이지듀멜라토닝원데이앰플8ML(25.07리뉴얼),EGA,1086,1086,0.0
5000.0,9311674.0,이지듀멜라토닝원데이앰플8ML(25.07리뉴얼),KJA,7680,7680,0.0
5000.0,9311674.0,이지듀멜라토닝원데이앰플8ML(25.07리뉴얼),JJA,15793,15793,0.0
5000.0,9311713.0,멜라비토닝앰플쿠션22호라이트베이지본품13G+리필13G기획세트(올리브영),DHA,358,358,0.0
5000.0,9311713.0,멜라비토닝앰플쿠션22호라이트베이지본품13G+리필13G기획세트(올리브영),FHA,4700,4700,0.0
5000.0,9311718.0,멜라비토닝앰플글로우겔마스크30g(단품),503EG,254,254,0.0
5000.0,9311718.0,멜라비토닝앰플글로우겔마스크30g(단품),502EG,3,3,0.0
5000.0,9311718.0,멜라비토닝앰플글로우겔마스크30g(단품),083EH,2014,2014,0.0
5000.0,9311719.0,이지듀베리어리페어카밍겔패치(9g*4매입),EHA,3672,3672,0.0
5000.0,9311719.0,이지듀베리어리페어카밍겔패치(9g*4매입),DHA,3366,3366,0.0
5000.0,9311719.0,이지듀베리어리페어카밍겔패치(9g*4매입),CHA,4284,4284,0.0
5000.0,9311719.0,이지듀베리어리페어카밍겔패치(9g*4매입),BHA,3672,3672,0.0
5000.0,9311719.0,이지듀베리어리페어카밍겔패치(9g*4매입),AHA,1560,1560,0.0
5000.0,9311868.0,이지듀멜라비토닝매트커버팩트19호페어(본품)19g(V2),LHA,22603,22603,0.0
5000.0,9311869.0,이지듀멜라비토닝매트커버팩트21호내추럴(본품)19G(V2),PHA,19,19,0.0
5000.0,9311880.0,이지듀멜라비토닝매트커버팩트23호베이지(본품)19G(V2),HHA,159,159,0.0
5000.0,9311894.0,[카카오]옴므올인원플루이드80ml,D250714001,30,30,0.0
5000.0,9311895.0,[카카오]미니쿠션21호+립,D250714002,97,97,0.0
5000.0,9311896.0,[카카오]미니쿠션19호+립,D250714003,47,47,0.0
5000.0,9311897.0,[카카오]미니쿠션23호+립,D250714004,47,47,0.0
5000.0,9311924.0,이지듀멀티-비타앰플클렌저30mL(인도네시아),D250729001,250,250,0.0
5000.0,9311944.0,이지듀멜라토닝멜라씨비타에센스토너30ML(인도네시아),D250818004,250,250,0.0
5000.0,9311946.0,이지듀멜라토닝멜라씨비타에센스토너150ML(인도네시아),D250818003,70,70,0.0
5000.0,9311946.0,이지듀멜라토닝멜라씨비타에센스토너150ML(인도네시아),D250827001,70,70,0.0
5000.0,9311947.0,이지듀멀티-비타앰플클렌저200ML(인도네시아),D250729002,689,689,0.0
5000.0,9311953.0,이지듀디더블유이지에프멜라토닝원데이앰플30ML(인도네시아),D250729004,579,579,0.0
5000.0,9311954.0,이지듀멜라글루타치온크림50ML(인도네시아),D250729005,819,819,0.0
5000.0,9311980.0,이지듀클리어징크스팟15ML(인도네시아),D250729006,1000,1000,0.0
5000.0,9311995.0,이지듀클리어아하2%토너200ML(인도네시아),D250729007,860,860,0.0
5000.0,9311996.0,이지듀클리어B3+B5세럼29ML(인도네시아),D250729008,800,800,0.0
5000.0,9311997.0,이지듀클리어바하클렌저100ML(인도네시아),D250729009,900,900,0.0
5000.0,9312032.0,이지듀멜라토닝겔패치시카알로에12g(1매입),780EF,107,107,0.0
5000.0,9312121.0,[세트]시카알로에15ml+매트팩트미니21호_카카오,D250724002,93,93,0.0
5000.0,9312132.0,[카카오]기미앰플10ml+1ml_삼각쇼핑백,D251001003,11,11,0.0
5000.0,9312132.0,[카카오]기미앰플10ml+1ml_삼각쇼핑백,D251230006,50,50,0.0
5000.0,9312144.0,이지듀디더블유이지에프멜라토닝원데이앰플원엑스8ML(미국),BJA,5483,5483,0.0
5000.0,9312145.0,이지듀디더블유이지에프멜라토닝원데이앰플쓰리엑스8ML(미국),AHA,1580,1580,0.0
5000.0,9312145.0,이지듀디더블유이지에프멜라토닝원데이앰플쓰리엑스8ML(미국),BJA,4560,4560,0.0
5000.0,9312146.0,이지듀디더블유이지에프멜라토닝원데이앰플파이브엑스8ML(미국),AAB,9580,9580,0.0
5000.0,9312146.0,이지듀디더블유이지에프멜라토닝원데이앰플파이브엑스8ML(미국),BJA,541,541,0.0
5000.0,9312147.0,이지듀디더블유이지에프멜라토닝원데이앰플원엑스30ML(미국),CJA,15775,15775,0.0
5000.0,9312147.0,이지듀디더블유이지에프멜라토닝원데이앰플원엑스30ML(미국),DJA,11795,11795,0.0
5000.0,9312148.0,이지듀디더블유이지에프멜라토닝원데이앰플쓰리엑스30ML(미국),AHA,2618,2618,0.0
5000.0,9312148.0,이지듀디더블유이지에프멜라토닝원데이앰플쓰리엑스30ML(미국),BJA,15195,15195,0.0
5000.0,9312149.0,이지듀디더블유이지에프멜라토닝원데이앰플파이브엑스30ML(미국),AHA,2596,2596,0.0
5000.0,9312149.0,이지듀디더블유이지에프멜라토닝원데이앰플파이브엑스30ML(미국),BJA,11495,11495,0.0
5000.0,9312165.0,이지듀멜라비토닝앰플쿠션13호포슬린13G(미국),AAB,3000,3000,0.0
5000.0,9312165.0,이지듀멜라비토닝앰플쿠션13호포슬린13G(미국),AHA,1849,1849,0.0
5000.0,9312166.0,이지듀멜라비토닝앰플쿠션17호아이보리13G(미국),AAB,5000,5000,0.0
5000.0,9312166.0,이지듀멜라비토닝앰플쿠션17호아이보리13G(미국),AHA,441,441,0.0
5000.0,9312168.0,이지듀멜라비토닝앰플쿠션21호베이지13G(미국),AAB,3100,3100,0.0
5000.0,9312168.0,이지듀멜라비토닝앰플쿠션21호베이지13G(미국),AHA,21,21,0.0
5000.0,9312169.0,이지듀멜라비토닝앰플쿠션23호내추럴13G(미국),AAB,3740,3740,0.0
5000.0,9312169.0,이지듀멜라비토닝앰플쿠션23호내추럴13G(미국),AHA,79,79,0.0
5000.0,9312180.0,이지듀멜라비토닝앰플쿠션25호허니13G(미국),AAB,5000,5000,0.0
5000.0,9312180.0,이지듀멜라비토닝앰플쿠션25호허니13G(미국),AJA,543,543,0.0
5000.0,9312181.0,이지듀멜라비토닝앰플쿠션27호골든13G(미국),AAB,3000,3000,0.0
5000.0,9312181.0,이지듀멜라비토닝앰플쿠션27호골든13G(미국),AJA,1424,1424,0.0
5000.0,9312182.0,이지듀멜라비토닝앰플쿠션33호아몬드13G(미국),AAB,3000,3000,0.0
5000.0,9312182.0,이지듀멜라비토닝앰플쿠션33호아몬드13G(미국),AJA,1705,1705,0.0
5000.0,9312183.0,이지듀멜라비토닝앰플쿠션41호체슈넛13G(미국),AAB,2520,2520,0.0
5000.0,9312183.0,이지듀멜라비토닝앰플쿠션41호체슈넛13G(미국),AJA,1845,1845,0.0
5000.0,9312184.0,이지듀멜라비토닝앰플쿠션45호에스프레소13G(미국),AJA,2125,2125,0.0
5000.0,9312185.0,이지듀멜라비딥클렌징오일30ml,I06Y006,11647,11647,0.0
5000.0,9312186.0,이지듀RX 포스트레이저미스트120ML,BLA,21,21,0.0
5000.0,9312351.0,이지듀이지에프코어이펙트스칼프앰플80ML,BEH03,54,54,0.0
5000.0,9312352.0,[추석세트]이지듀멜라토닝원데이앰플세븐데이즈스페셜세트7ML,JJA,7273,7273,0.0
5000.0,9312354.0,[추석세트]이지듀멜라베스트스킨케어기프트세트,LJA,2,2,0.0
5000.0,9312357.0,이지듀멜라비토닝앰플쿠션본품+1m_19호페어(카카오),D250804004,433,433,0.0
5000.0,9312358.0,이지듀멜라비토닝앰플쿠션본품+1m_23호베이지(카카오),D250804005,659,659,0.0
5000.0,9312377.0,[카카오]기미쿠션15g+키링파우치_21호,D251230002,256,256,0.0
5000.0,9312377.0,[카카오]기미쿠션15g+키링파우치_21호,D251020004,57,57,0.0
5000.0,9312379.0,[카카오]기미쿠션15g+키링파우치_19호,D250903002,197,197,0.0
5000.0,9312411.0,[직영몰]기미쿠션스페셜기획세트19호페어,D251014004,500,500,0.0
5000.0,9312411.0,[직영몰]기미쿠션스페셜기획세트19호페어,D250915007,3,3,0.0
5000.0,9312411.0,[직영몰]기미쿠션스페셜기획세트19호페어,D250917005,1,1,0.0
5000.0,9312411.0,[직영몰]기미쿠션스페셜기획세트19호페어,D250924012,423,423,0.0
5000.0,9312413.0,[직영몰]기미쿠션스페셜기획세트21호내추럴,D251013001,156,156,0.0
5000.0,9312413.0,[직영몰]기미쿠션스페셜기획세트21호내추럴,D250924011,1,1,0.0
5000.0,9312413.0,[직영몰]기미쿠션스페셜기획세트21호내추럴,D250922001,1,1,0.0
5000.0,9312413.0,[직영몰]기미쿠션스페셜기획세트21호내추럴,D251014001,1500,1500,0.0
5000.0,9312413.0,[직영몰]기미쿠션스페셜기획세트21호내추럴,D250917002,1,1,0.0
5000.0,9312414.0,[직영몰]기미쿠션스페셜기획세트22호내추럴베이지,D250917003,4,4,0.0
5000.0,9312414.0,[직영몰]기미쿠션스페셜기획세트22호내추럴베이지,D251014003,900,900,0.0
5000.0,9312414.0,[직영몰]기미쿠션스페셜기획세트22호내추럴베이지,D251013003,211,211,0.0
5000.0,9312415.0,[직영몰]기미쿠션스페셜기획세트23호베이지,D250915010,2,2,0.0
5000.0,9312415.0,[직영몰]기미쿠션스페셜기획세트23호베이지,D250924013,385,385,0.0
5000.0,9312415.0,[직영몰]기미쿠션스페셜기획세트23호베이지,D251014005,500,500,0.0
5000.0,9312416.0,[직영몰]기미팩트스페셜기획세트19호페어,D250910005,3,3,0.0
5000.0,9312416.0,[직영몰]기미팩트스페셜기획세트19호페어,D250915011,1,1,0.0
5000.0,9312416.0,[직영몰]기미팩트스페셜기획세트19호페어,D250924014,500,500,0.0
5000.0,9312416.0,[직영몰]기미팩트스페셜기획세트19호페어,D250917007,171,171,0.0
5000.0,9312416.0,[직영몰]기미팩트스페셜기획세트19호페어,D251014006,500,500,0.0
5000.0,9312417.0,[직영몰]기미팩트스페셜기획세트21호내추럴,D250924011,8,8,0.0
5000.0,9312417.0,[직영몰]기미팩트스페셜기획세트21호내추럴,D250922002,3,3,0.0
5000.0,9312417.0,[직영몰]기미팩트스페셜기획세트21호내추럴,D250917004,6,6,0.0
5000.0,9312417.0,[직영몰]기미팩트스페셜기획세트21호내추럴,D251013002,296,296,0.0
5000.0,9312417.0,[직영몰]기미팩트스페셜기획세트21호내추럴,D251014002,1500,1500,0.0
5000.0,9312418.0,[직영몰]기미팩트스페셜기획세트23호베이지,D250910007,6,6,0.0
5000.0,9312418.0,[직영몰]기미팩트스페셜기획세트23호베이지,D250915013,2,2,0.0
5000.0,9312418.0,[직영몰]기미팩트스페셜기획세트23호베이지,D250917008,1,1,0.0
5000.0,9312418.0,[직영몰]기미팩트스페셜기획세트23호베이지,D250924015,276,276,0.0
5000.0,9312423.0,이지듀멜라비토닝앰플쿠션13호포슬린13g(미국)_리필,AHA,3309,3309,0.0
5000.0,9312424.0,이지듀멜라비토닝앰플쿠션17호아이보리13g(미국)_리필,AHA,3001,3001,0.0
5000.0,9312425.0,이지듀멜라비토닝앰플쿠션19호샌드13g(미국)_리필,AHA,2247,2247,0.0
5000.0,9312426.0,이지듀멜라비토닝앰플쿠션21호베이지13g(미국)_리필,AHA,2093,2093,0.0
5000.0,9312427.0,이지듀멜라비토닝앰플쿠션23호내추럴13g(미국)_리필,AHA,2201,2201,0.0
5000.0,9312428.0,이지듀멜라비토닝앰플쿠션25호허니13g(미국)_리필,AJA,2971,2971,0.0
5000.0,9312429.0,이지듀멜라비토닝앰플쿠션27호골든13g(미국)_리필,AJA,3322,3322,0.0
5000.0,9312440.0,[카카오]기미쿠션15g+키링파우치_23호,D251020005,93,93,0.0
5000.0,9312441.0,[카카오]매트팩트+키링파우치_21호,D251110002,67,67,0.0
5000.0,9312442.0,[카카오]매트팩트+키링파우치_19호,D250825002,100,100,0.0
5000.0,9312442.0,[카카오]매트팩트+키링파우치_19호,D250826003,100,100,0.0
5000.0,9312443.0,[카카오]매트팩트+키링파우치_23호,D250826004,63,63,0.0
5000.0,9312444.0,"[카카오,특판]기미쿠션스페셜기획세트19호페어",D250909001,230,230,0.0
5000.0,9312445.0,"[카카오,특판]기미쿠션스페셜기획세트21호내추럴",D250909002,531,531,0.0
5000.0,9312447.0,"[카카오,특판]기미쿠션스페셜기획세트23호베이지",D250909003,259,259,0.0
5000.0,9312491.0,이지듀멜라비토닝앰플쿠션33호아몬드13g(미국)_리필,AJA,3444,3444,0.0
5000.0,9312492.0,이지듀멜라비토닝앰플쿠션41호체슈넛13g(미국)_리필,AJA,3513,3513,0.0
5000.0,9312493.0,이지듀멜라비토닝앰플쿠션45호에스프레소13g(미국)_리필,AJA,3449,3449,0.0
5000.0,9312526.0,[세트]이지듀멜라비토닝매트커버팩트23호+글로우립로즈세트(카카오)V2,D250826001,70,70,0.0
5000.0,9312545.0,이지듀멜라이지에프익스폴리에이팅앰플8mL(아마존),PI870,29301,29301,0.0
5000.0,9312724.0,이지듀멜라비토닝앰플쿠션19호페어(본품13g+퍼프)세트,PHA,3414,3414,0.0
5000.0,9312725.0,이지듀멜라비토닝앰플쿠션21호내추럴(본품13g+퍼프)세트,QHA,20864,20864,0.0
5000.0,9312726.0,이지듀멜라비토닝앰플쿠션23호베이지(본품13g+퍼프)세트,WHA,1265,1265,0.0
5000.0,9312726.0,이지듀멜라비토닝앰플쿠션23호베이지(본품13g+퍼프)세트,XJA,2341,2341,0.0
5000.0,9312727.0,이지듀멜라비토닝앰플쿠션19호페어(리필13g+퍼프)세트,PHA,352,352,0.0
5000.0,9312728.0,이지듀멜라비토닝앰플쿠션21호내추럴(리필13g+퍼프)세트,UJA,13,13,0.0
5000.0,9312728.0,이지듀멜라비토닝앰플쿠션21호내추럴(리필13g+퍼프)세트,XKA,6160,6160,0.0
5000.0,9312730.0,이지듀멜라비토닝앰플쿠션23호베이지(리필13g+퍼프)세트,XJA,119,119,0.0
5000.0,9312730.0,이지듀멜라비토닝앰플쿠션23호베이지(리필13g+퍼프)세트,YJA,2207,2207,0.0
5000.0,9312736.0,[추석세트]이지듀쿠션앤앰플기프트세트색상교환권샘플포함,D250919001,2606,2606,0.0
5000.0,9312747.0,포스트레이저젤드레싱마스크시트세트(38ml*5ea)v2,2TH0355,7056,7056,0.0
5000.0,9312747.0,포스트레이저젤드레싱마스크시트세트(38ml*5ea)v2,2TH0356,7200,7200,0.0
5000.0,9312752.0,[카카오]기미앰플10ml+10ml+(1ml+1ml),D260127001,166,166,0.0
5000.0,9312809.0,[임가공]이지듀쿠션앤앰플기프트세트21호내추럴,D250912001,3,3,0.0
5000.0,9312822.0,[임가공]이지듀쿠션앤앰플기프트세트21호내추럴(쿠팡용),D250918001,400,400,0.0
5000.0,9312895.0,[임가공][쿠팡]기미쿠션스페셜기획세트21호내추럴,D260109001,456,456,0.0
5000.0,9313025.0,이지듀멜라비토닝글로우커버팩트19호페어19g,CMA,2331,2331,0.0
5000.0,9313029.0,이지듀멜라비토닝글로우커버팩트21호내추럴(리필)19g,FMA,9900,9900,0.0
5000.0,9313030.0,이지듀멜라비토닝글로우커버팩트23호베이지(리필)19g,CMA,2697,2697,0.0
5000.0,9313046.0,이지듀멜라비토닝앰플파운데이션19호페어,AMA,140,140,0.0
5000.0,9313048.0,이지듀멜라비토닝앰플파운데이션22호라이트베이지,AMA,25,25,0.0
5000.0,9313049.0,이지듀멜라비토닝앰플파운데이션23호베이지,AMA,66,66,0.0
5000.0,9313092.0,이지듀멜라오버나이트멜팅크림10g,VLA,18700,18700,0.0
5000.0,9313093.0,이지듀멜라토닝원데이앰플5ml,EGA,19417,19417,0.0
5000.0,9313115.0,[직영몰]기미팩트스페셜기획세트23호베이지(구),D251015008,499,499,0.0
5000.0,9313116.0,이지듀포스트레이저이지에프크림40ml(HS),FA003,21225,21225,0.0
5000.0,9313116.0,이지듀포스트레이저이지에프크림40ml(HS),FA004,60275,60275,0.0
5000.0,9313117.0,이지듀포스트레이저이지에프크림75ml,EK005,18013,18013,0.0
5000.0,9313117.0,이지듀포스트레이저이지에프크림75ml,EL006,2022,2022,0.0
5000.0,9313118.0,이지듀이지에프골든엘릭서15ml,EK001,3902,3902,0.0
5000.0,9313130.0,이지듀이지에프쓰리디볼류밍립글로스4.4g레드,BAB,3260,3260,0.0
5000.0,9313134.0,이지듀10ppm마이크로샷2700(2개입)_스몰랩,25I012,19933,19933,0.0
5000.0,9313169.0,[임가공][카카오]멜라토닝원데이앰플부스터샷15ML단품,D251029001,47,47,0.0
5000.0,9313189.0,이지듀멜라비토닝글로우커버팩트19호페어(블리스터)0.5g,BLA,48483,48483,0.0
5000.0,9313190.0,[임가공][카카오]멜라토닝원데이앰플부스터샷15ML본품+리필15ML,D260107002,75,75,0.0
5000.0,9313300.0,이지듀멜라비토닝글로우커버팩트21호내추럴(블리스터)0.5g,DLA,40920,40920,0.0
5000.0,9313301.0,이지듀멜라비토닝글로우커버팩트23호베이지(블리스터)0.5g,BLA,47868,47868,0.0
5000.0,9313345.0,[임가공]이지듀멜라비토닝앰플쿠션케이스(하운드체크에디션),D251209003,8,8,0.0
5000.0,9313345.0,[임가공]이지듀멜라비토닝앰플쿠션케이스(하운드체크에디션),D251223001,1048,1048,0.0
5000.0,9313345.0,[임가공]이지듀멜라비토닝앰플쿠션케이스(하운드체크에디션),D260213002,1550,1550,0.0
5000.0,9313345.0,[임가공]이지듀멜라비토닝앰플쿠션케이스(하운드체크에디션),D251224001,2,2,0.0
5000.0,9313448.0,[세트]앰플쿠션21호(15g)+글로우립로즈(카카오),D251230001,55,55,0.0
5000.0,9313448.0,[세트]앰플쿠션21호(15g)+글로우립로즈(카카오),D260126001,300,300,0.0
5000.0,9313514.0,[세트]하운드체크케이스+앰플쿠션리필19호(15g)+골든엘릭서오일4ml,D260126002,191,191,0.0
5000.0,9313515.0,[세트]하운드체크케이스+앰플쿠션리필21호(15g)+골든엘릭서오일4ml,D260126003,135,135,0.0
5000.0,9313516.0,[세트]하운드체크케이스+앰플쿠션리필23호(15g)+골든엘릭서오일4ml,D260108004,1,1,0.0
5000.0,9313516.0,[세트]하운드체크케이스+앰플쿠션리필23호(15g)+골든엘릭서오일4ml,D260126004,200,200,0.0
5000.0,9313770.0,[세트]매트팩트23호(19g)+글로우로즈립(카카오),D251204002,48,48,0.0
5000.0,9313770.0,[세트]매트팩트23호(19g)+글로우로즈립(카카오),D251230004,120,120,0.0
5000.0,9313771.0,[세트]앰플쿠션23호(15g)+글로우 로즈립(카카오),D251204003,29,29,0.0
5000.0,9313771.0,[세트]앰플쿠션23호(15g)+글로우 로즈립(카카오),D251230003,200,200,0.0
5000.0,9313778.0,[세트]베리어리페어크림30g+슬리브,D251204001,1,1,0.0
5000.0,9313872.0,[임가공][판촉몰] 미니쇼핑백2024+원데이앰플12ml,D251218001,21,21,0.0
5000.0,9313940.0,[세트]기미앰플30ML*6세트(26신년),D260106001,8,8,0.0
5000.0,9313942.0,[세트]이지듀항산화*4세트(26신년),D260105006,651,651,0.0
5000.0,9313943.0,[세트]부스터샷6입(본품3+리필3)(26신년),D260219013,10,10,0.0
5000.0,9313944.0,[세트]기미쿠션세트(본품3+리필3+퍼프3)_19호페어(26년신년),D260107004,3,3,0.0
5000.0,9313962.0,[세트]기미쿠션세트(본품3+리필3+퍼프3)_21호내추럴(26년신년),D260212001,4,4,0.0
5000.0,9313964.0,[세트]기미쿠션세트(본품3+리필3+퍼프3)_23호베이지(26년신년),D260109005,25,25,0.0
5000.0,9313965.0,[세트]기미팩트세트(본품3+리필3+퍼프3)_19호페어(26년신년),D260205003,14,14,0.0
5000.0,9313966.0,[세트]기미팩트세트(본품3+리필3+퍼프3)_21호내추럴(26년신년),D260127004,12,12,0.0
5000.0,9313966.0,[세트]기미팩트세트(본품3+리필3+퍼프3)_21호내추럴(26년신년),D260108006,1,1,0.0
5000.0,9313967.0,[세트]기미팩트세트(본품3+리필3+퍼프3)_23호베이지(26년신년),D260127005,7,7,0.0
5000.0,9313968.0,[세트]기미쿠션레드에디션(26년설)_19호페어,D260202001,500,500,0.0
5000.0,9313969.0,[세트]기미쿠션레드에디션(26년설)_21호내추럴,D260202002,1423,1423,0.0
5000.0,9313970.0,[세트]기미쿠션레드에디션(26년설)_22호라이트베이지,D260202003,500,500,0.0
5000.0,9313971.0,[세트]기미쿠션레드에디션(26년설)_23호베이지,D260202004,469,469,0.0
5000.0,9313972.0,[세트]글로우팩트(FW)레드에디션_19호페어,D260202005,494,494,0.0
5000.0,9313973.0,[세트]글로우팩트(FW)레드에디션_21호내추럴,D260202006,1193,1193,0.0
5000.0,9313974.0,[세트]글로우팩트(FW)레드에디션_23호베이지,D260202007,418,418,0.0
5000.0,9313975.0,[세트]부스터샷15ml세트(본품1+리필1)(면세),D260116002,640,640,0.0
5000.0,9313976.0,[세트]원데이앰플15ml*1ea+8ml*2ea(홈쇼핑),EGA,504,504,0.0
5000.0,9314061.0,[세트]포스트레이저크림40ml*2+골든엘릭서4ml(카카오),D260107003,434,434,0.0
5000.0,9400033.0,[세트]매트팩트21호(19g)+글로우립로즈(카카오),D260107001,230,230,0.0
5000.0,9400201.0,[임가공][카카오]포스트레이저 미스트 50ml 1+1,D260211001,100,100,0.0
5000.0,9400201.0,[임가공][카카오]포스트레이저 미스트 50ml 1+1,D260205004,8,8,0.0
5000.0,9400214.0,[임가공]멜라 3스텝 기프트 세트_2026,D260206002,31,31,0.0
5000.0,9400214.0,[임가공]멜라 3스텝 기프트 세트_2026,HHA,42,42,0.0
5000.0,9400305.0,[OY]이지듀멜라비토닝앰플쿠션19호(본품1+리필1+퍼프2매)13g기획세트,D260210001,470,470,0.0
5000.0,9400307.0,[OY]이지듀멜라비토닝앰플쿠션21호(본품1+리필1+퍼프2매)13g기획세트,D260210002,20,20,0.0
5000.0,9400308.0,[OY]이지듀멜라비토닝앰플쿠션22호(본품1+리필1+퍼프2매)13g기획세트,D260210003,470,470,0.0
5000.0,9400309.0,[OY]이지듀멜라비토닝앰플쿠션23호(본품1+리필1+퍼프2매)13g기획세트,D260210004,470,470,0.0
5000.0,9307342.0,[EA]디더블유EGF10ppm원데이MTS2700샷(1개입)_미품,24B012,20,19,1.0
5000.0,9307953.0,[EA]멜라라필스텝2_4매입(15g*8ea),152DH,1997,1996,1.0
5000.0,9309839.0,[EA]멜라비토닝앰플쿠션21호내추럴(본품)15g_V3,CHA,6112,6111,1.0
5000.0,9309908.0,[EA]디더블유이지에프멜라토닝패치(5g*4ea)_V2,DJA,94,93,1.0
5000.0,9310449.0,[EA]멜라UV틴티드글로우립밤3.4g,ACA,253,252,1.0
5000.0,9310457.0,이지듀멜라비토닝앰플쿠션19호페어13G,KDA,1300,1299,1.0
5000.0,9310697.0,멜라비토닝앰플쿠션19호페어(미니)_8g,RMA,1243,1242,1.0
5000.0,9310807.0,이지듀멜라비토닝매트커버팩트23호베이지(리필)_19g,GHA,2084,2083,1.0
5000.0,9311125.0,이지듀멜라비토닝앰플쿠션트라이얼4열샤쉐0.2g*4ea,FHA,60976,60975,1.0
5000.0,9313026.0,이지듀멜라비토닝글로우커버팩트21호내추럴19g,GMA,11519,11518,1.0
5000.0,9313027.0,이지듀멜라비토닝글로우커버팩트23호베이지19g,CMA,4767,4766,1.0
5000.0,9313047.0,이지듀멜라비토닝앰플파운데이션21호내추럴,AMA,32,31,1.0
5000.0,9313944.0,[세트]기미쿠션세트(본품3+리필3+퍼프3)_19호페어(26년신년),D260109002,42,41,1.0
5000.0,9313968.0,[세트]기미쿠션레드에디션(26년설)_19호페어,D260123003,18,17,1.0
5000.0,9301076.0,[단종][RX]포스트레이저모이스처에센셜미스트120ml,AEZ,1,0,1.0
5000.0,9301416.0,[판촉물_샘플][EA]디더블유이지에프크림화이트토닝2ML(샤섀),ADY,1,0,1.0
5000.0,9303605.0,[EA]디더블유이지에프크림프레좀알엑스50ml,CHA,1,0,1.0
5000.0,9305554.0,[EA]베리어리페어크림105ml,GCA,1,0,1.0
5000.0,9307045.0,[단종][EA]디더블유이지에프멜라토닝패치(5g*4ea)_AD(2024),LLZ,1,0,1.0
5000.0,9307045.0,[단종][EA]디더블유이지에프멜라토닝패치(5g*4ea)_AD(2024),XLZ,1,0,1.0
5000.0,9308690.0,[EX]디더블유이지에프멜라토닝원데이앰플10ml,UBZ,1,0,1.0
5000.0,9309392.0,[EA]멜라글루타치온크림105ml,FEA,1,0,1.0
5000.0,9310560.0,이지듀멜라비토닝앰플쿠션23호베이지13G,QDA,1,0,1.0
5000.0,9310806.0,이지듀멜라비토닝매트커버팩트21호내추럴(리필)_19g,OHA,1,0,1.0
5000.0,9311330.0,멜라비토닝앰플쿠션22호라이트베이지(리필)_15g,LGA,1,0,1.0
5000.0,9312379.0,[카카오]기미쿠션15g+키링파우치_19호,D250813002,1,0,1.0
5000.0,9312414.0,[직영몰]기미쿠션스페셜기획세트22호내추럴베이지,D250924009,1,0,1.0
5000.0,9313026.0,이지듀멜라비토닝글로우커버팩트21호내추럴19g,FMA,1,0,1.0
5000.0,9313028.0,이지듀멜라비토닝글로우커버팩트19호페어(리필)19g,ALA,1,0,1.0
5000.0,9301155.0,[단종][EX]유브이컨트롤울트라쉴드선크림50ml,AEZ,3,1,2.0
5000.0,9307903.0,[EA]클리어B3+B5세럼 29ml,AFZ,6412,6410,2.0
5000.0,9308074.0,[EA]디더블유이지에프멜라토닝원데이앰플15ml,OHZ,6319,6317,2.0
5000.0,9310452.0,[EA]멜라UV틴티드글로우립로즈3.6g,ACA,2631,2629,2.0
5000.0,9310562.0,이지듀멜라비토닝앰플쿠션21호내추럴13G(리필),FDA,65,63,2.0
5000.0,9310806.0,이지듀멜라비토닝매트커버팩트21호내추럴(리필)_19g,RHA,1554,1552,2.0
5000.0,9311331.0,멜라비토닝앰플쿠션22호라이트베이지(본품)_15g,DHA,6534,6532,2.0
5000.0,9301240.0,[단종][RX]포스트레이저에센스토너175ML,CKY,2,0,2.0
5000.0,9305554.0,[EA]베리어리페어크림105ml,MEA,2,0,2.0
5000.0,9309392.0,[EA]멜라글루타치온크림105ml,OHA,2,0,2.0
5000.0,9309908.0,[EA]디더블유이지에프멜라토닝패치(5g*4ea)_V2,WHA,2,0,2.0
5000.0,9310616.0,[EA]이지듀멜라토닝원데이앰플15ml(2025_추출물용매분리버전),DGA,2,0,2.0
5000.0,9310805.0,이지듀멜라비토닝매트커버팩트19호페어(리필)_19g,DEA,2,0,2.0
5000.0,9311060.0,[단종]이지듀멜라비토닝매트커버팩트19호페어19g,EFA,2,0,2.0
5000.0,9311869.0,이지듀멜라비토닝매트커버팩트21호내추럴(본품)19G(V2),RHA,2,0,2.0
5000.0,9313188.0,이지듀포스트레이저이지에프크림5ml,EK005,2,0,2.0
5000.0,9310451.0,[EA]멜라UV틴티드글로우립코랄3.6g,CHA,2688,2685,3.0
5000.0,9308848.0,[EA]멜라씨비타에센스토너150ml,GLA,3,0,3.0
5000.0,9309839.0,[EA]멜라비토닝앰플쿠션21호내추럴(본품)15g_V3,QBA,3,0,3.0
5000.0,9309900.0,[EA]멜라비토닝앰플쿠션23호베이지(본품)15g_V3,DBA,3,0,3.0
5000.0,9311067.0,이지듀비타민C부스팅앰플15g,AFA,7,3,4.0
5000.0,9311869.0,이지듀멜라비토닝매트커버팩트21호내추럴(본품)19G(V2),OHA,4881,4877,4.0
5000.0,9313029.0,이지듀멜라비토닝글로우커버팩트21호내추럴(리필)19g,ELA,563,559,4.0
5000.0,9307045.0,[단종][EA]디더블유이지에프멜라토닝패치(5g*4ea)_AD(2024),ZLZ,4,0,4.0
5000.0,9309145.0,[EA]리프트이지에프10코어이펙트앰플15ml,MLA,4,0,4.0
5000.0,9310458.0,이지듀멜라비토닝앰플쿠션21호내추럴13G,WGA,4,0,4.0
5000.0,9311125.0,이지듀멜라비토닝앰플쿠션트라이얼4열샤쉐0.2g*4ea,CFA,4,0,4.0
5000.0,9312828.0,[임가공]멜라토닝 에센셜 CBA 3종 VIP세트_2025(대관용)_쇼핑백,D250915004,4,0,4.0
5000.0,9313026.0,이지듀멜라비토닝글로우커버팩트21호내추럴19g,CLA,4,0,4.0
5000.0,9308616.0,[EA]DW-EGF멜라선와이드패치(4g*4매입)_지퍼백ver,720,2857,2852,5.0
5000.0,9309146.0,[EA]멜라비토닝원데이앰플40ml,BBA,152,147,5.0
5000.0,9309148.0,[EA]리프트피디알엔넥패치(6g*4매입),815,1308,1303,5.0
5000.0,2303865.0,[부자재]이지듀항산화*4세트(26신년)_하판,,5,0,5.0
5000.0,9309835.0,[EA]멜라비토닝유브이선세럼투엑스40ml,NEA,5,0,5.0
5000.0,9311130.0,이지듀멜라비토닝매트커버팩트21호(블리스터)_0.5g,LGA,9,2,7.0
5000.0,9312348.0,이지듀디더블유이지에프멜라토닝원데이앰플부스터샷15ML(HS),BJA,312,305,7.0
5000.0,9309798.0,[EA]이지에프코어부스팅아이크림30ml,H11Y003,7,0,7.0
5000.0,9302803.0,[단종][EA]리더마마스터앰플(1ml*14ea),AEA,3358,3350,8.0
5000.0,9305864.0,[EA]베리어리페어토너200ml,BKZ,211,203,8.0
5000.0,9307221.0,[EA]디더블유EGF10ppm원데이엠티에스2700샷(2개입)_스몰랩,24F003,8,0,8.0
5000.0,9310616.0,[EA]이지듀멜라토닝원데이앰플15ml(2025_추출물용매분리버전),AEA,8,0,8.0
5000.0,9312366.0,이지듀디더블유이지에프멜라토닝원데이앰플부스터샷20ML ,AJA,8,0,8.0
5000.0,9307323.0,[EA]DW이지에프레티놀0.03프로멜라토닝크림(베이직)_1개입),EGZ,9,0,9.0
5000.0,9308228.0,[EA]멜라씨비타에센스토너30ml,CFZ,9,0,9.0
5000.0,9307044.0,[EA]디더블유이지에프멜라토닝원데이앰플30ml_AD(2024),GCA,24923,24913,10.0
5000.0,9308236.0,[EA]이지듀멜라글루타치온크림50ml,SHA,99,89,10.0
5000.0,9310455.0,[EA]디더블유이지에프클리어선패치4g(4매입)V2,501DW,29394,29384,10.0
5000.0,9311071.0,이지듀멜라비토닝엔자임파우더워시1g*14개입,G08Y001,3527,3517,10.0
5000.0,9311869.0,이지듀멜라비토닝매트커버팩트21호내추럴(본품)19G(V2),QHA,12,2,10.0
5000.0,9303605.0,[EA]디더블유이지에프크림프레좀알엑스50ml,BFA,10,0,10.0
5000.0,9312876.0,[임가공]이지듀멜라3스텝스페셜세트_2025(신년패키지_그린패드),D250924001,10,0,10.0
5000.0,9309392.0,[EA]멜라글루타치온크림105ml,PHA,3300,3289,11.0
5000.0,9311192.0,이지듀멜라토닝겔패치시카알로에12g(4매입),9311192,11,0,11.0
5000.0,9313970.0,[세트]기미쿠션레드에디션(26년설)_22호라이트베이지,D260123004,32,20,12.0
5000.0,9302803.0,[단종][EA]리더마마스터앰플(1ml*14ea),AGZ,12,0,12.0
5000.0,9311086.0,[세트]이지듀멜라비토닝매트커버팩트19호+글로우립로즈세트(카카오),D250507001,12,0,12.0
5000.0,9309392.0,[EA]멜라글루타치온크림105ml,NHA,15,0,15.0
5000.0,9307221.0,[EA]디더블유EGF10ppm원데이엠티에스2700샷(2개입)_스몰랩,24G006,16,0,16.0
5000.0,9308848.0,[EA]멜라씨비타에센스토너150ml,CDA,16,0,16.0
5000.0,9309145.0,[EA]리프트이지에프10코어이펙트앰플15ml,CHA,16,0,16.0
5000.0,9309839.0,[EA]멜라비토닝앰플쿠션21호내추럴(본품)15g_V3,EBA,16,0,16.0
5000.0,9308764.0,이지듀멜라토닝원데이앰플기획세트(12ML+0.7ML),LFA,28,9,19.0
5000.0,9308236.0,[EA]이지듀멜라글루타치온크림50ml,HGZ,19,0,19.0
5000.0,2303869.0,[부자재]기미앰플30ML*6세트(26신년)_하판,,20,0,20.0
5000.0,9305857.0,[EA]베리어리페어마스크(25G*4매입),ABA,20,0,20.0
5000.0,9308764.0,이지듀멜라토닝원데이앰플기획세트(12ML+0.7ML),PHZ,23,2,21.0
5000.0,9309753.0,[판촉물]멜라토닝 더블업 크림+앰플 기획세트_25년설,,25,0,25.0
5000.0,7301959.0,[판촉물_부자재]이지듀삼각쇼핑백_보테가,,26,0,26.0
5000.0,9309904.0,[EA]멜라비토닝앰플쿠션23호베이지(리필)15g_V3,EBA,27,0,27.0
5000.0,9312825.0,[임가공]멜라토닝 에센셜 CBA 3종 VIP세트_청뱀(대관용)_쇼핑백변경,D250915003,35,5,30.0
5000.0,9308236.0,[EA]이지듀멜라글루타치온크림50ml,JHA,30,0,30.0
5000.0,7301237.0,[부자재]이지듀쇼핑백_소(200*80*200)_백색둥근종이끈,,107,74,33.0
5000.0,9308848.0,[EA]멜라씨비타에센스토너150ml,AAB,1098,1063,35.0
5000.0,7302500.0,[판촉물]25년크리스마스양말_아트토큰,,37,0,37.0
5000.0,9309795.0,[EA]멜라오버나이트멜팅크림 50g,FFA,3835,3796,39.0
5000.0,9305857.0,[EA]베리어리페어마스크(25G*4매입),BFA,39,0,39.0
5000.0,9312354.0,[추석세트]이지듀멜라베스트스킨케어기프트세트,TJA,42,0,42.0
5000.0,9310233.0,[EA]멜라비토닝앰플쿠션21호내추럴(미니)_8g,MFA,44,0,44.0
5000.0,9311387.0,[세트]이지듀멜라데이쉴드에센셜세트,D250707001,95,48,47.0
5000.0,9310594.0,[EA]이지듀멜라비토닝원데이앰플로즈15ml,ADA,242,192,50.0
5000.0,9308848.0,[EA]멜라씨비타에센스토너150ml,BDA,50,0,50.0
5000.0,9308236.0,[EA]이지듀멜라글루타치온크림50ml,UHA,51,0,51.0
5000.0,9309839.0,[EA]멜라비토닝앰플쿠션21호내추럴(본품)15g_V3,VGA,55,0,55.0
5000.0,2303084.0,[EA]이지듀멜라비토닝미스트로즈쇼핑백,,8135,8065,70.0
5000.0,2303831.0,[부자재]이지듀항산화*4세트(26신년)_슬리브(+종이게또),,75,0,75.0
5000.0,2303866.0,[부자재]이지듀항산화*4세트(26신년)_패드,,75,0,75.0
5000.0,2303824.0,[부자재]기미앰플30ML*6세트(26신년)_슬리브(+종이게또),,80,0,80.0
5000.0,2303880.0,[부자재]기미앰플30ML*6세트(26신년)_패드,,80,0,80.0
5000.0,9001850.0,[CX]링클솔루션스킨케어3종스페셜세트(리뉴얼),AEA,93,4,89.0
5000.0,9306492.0,[단종][EA]디더블유이지에프10피피엠항산화앰플30ml,AKZ,89,0,89.0
5000.0,9310233.0,[EA]멜라비토닝앰플쿠션21호내추럴(미니)_8g,LFA,90,0,90.0
5000.0,9310595.0,[EA]이지듀멜라비토닝미스트로즈50ml,BDA,583,483,100.0
5000.0,9311190.0,이지듀멜라토닝원데이앰플시카알로에30ml,AFZ,100,0,100.0
5000.0,9311124.0,이지듀멜라비토닝매트커버팩트23호(미니)_10g,EGA,7769,7668,101.0
5000.0,9308228.0,[EA]멜라씨비타에센스토너30ml,BDA,13190,13088,102.0
5000.0,7000974.0,[판촉물_부자재][EA]통합쇼핑백(27*35)_일반,,1912,1809,103.0
5000.0,9309148.0,[EA]리프트피디알엔넥패치(6g*4매입),816,1003,895,108.0
5000.0,9308229.0,[EA]멜라비타12앰플클렌저30ML,QE05,110,0,110.0
5000.0,7302211.0,[부자재_쇼핑백]이지듀중형쇼핑백(220*90*200)_25가정의달,0,120,0,120.0
5000.0,9310878.0,이지듀멜라비토닝유브이선세럼40ml,BEA,2936,2805,131.0
5000.0,9311128.0,이지듀멜라비토닝앰플쿠션23호베이지본품13g+리필13g기획세트(올리브영),D250718006,3120,2970,150.0
5000.0,9312367.0,이지듀디더블유이지에프멜라토닝원데이앰플부스터샷20ML(리필) ,AJA,167,0,167.0
5000.0,2303248.0,이지듀멜라비토닝원데이앰플로즈에디션_세트단상자(박스형),0,180,0,180.0
5000.0,9313777.0,멜라_토닝원데이앰플_30ml(인도네시아)_V2,,200,0,200.0
5000.0,9313773.0,멜라_비타앰플클렌저_200ml(인도네시아)_V2,,240,0,240.0
5000.0,9313775.0,멜라_비타앰플클렌저_30ml(인도네시아)_V2,,250,0,250.0
5000.0,9310696.0,멜라비토닝앰플쿠션22호라이트베이지(미니)_8g,FHA,1745,1475,270.0
5000.0,7301915.0,[EA]그린코스메틱파우치,,332,0,332.0
5000.0,9313776.0,멜라_토닝원데이앰플_15ml(인도네시아)_V2,,379,0,379.0
5000.0,2303816.0,[부자재]기미쿠션레드에디션_22호라이트베이지_봉합라벨(26년설),,400,0,400.0
5000.0,9313130.0,이지듀이지에프쓰리디볼류밍립글로스4.4g레드,BLA,424,0,424.0
5000.0,9309833.0,[세트]이지듀 베리어리페어크림+앰플기획(크림50ML+앰플1ML),,440,0,440.0
5000.0,9309930.0,한가인 VIP 고급 대관세트 (기미앰플+항산화+쿠션)_2025년설,,471,0,471.0
5000.0,2400078.0,[OY]앰플쿠션19호(본품1+리필1+퍼프2매)13g기획_세트단상자,,480,0,480.0
5000.0,2400080.0,[OY]앰플쿠션22호(본품1+리필1+퍼프2매)13g기획_세트단상자,,480,0,480.0
5000.0,2400081.0,[OY]앰플쿠션23호(본품1+리필1+퍼프2매)13g기획_세트단상자,,480,0,480.0
5000.0,7302250.0,[판촉물]이지듀여행용파우치그린,,480,0,480.0
5000.0,2400083.0,[OY]토닝앰플쿠션(본품1+리필1+퍼프2매)13g기획_아웃박스(공용),,482,0,482.0
5000.0,2303825.0,[부자재]부스터샷6입(본품3+리필3)세트_싸바리(26신년),,610,0,610.0
5000.0,9311121.0,이지듀멜라비토닝매트커버팩트19호(미니)_10g,FGA,7502,6853,649.0
5000.0,2303867.0,[부자재]부스터샷6입(본품3+리필3)세트_슬리브(26신년),,680,0,680.0
5000.0,2303868.0,[부자재]부스터샷6입(본품3+리필3)세트_패드(26신년),,680,0,680.0
5000.0,2303476.0,이지듀멜라토닝멜라씨비타에센스토너30ML_용기덧방라벨,,750,0,750.0
5000.0,2303510.0,이지듀멜라토닝멜라씨비타에센스토너30ML_단상자,,750,0,750.0
5000.0,2400079.0,[OY]앰플쿠션21호(본품1+리필1+퍼프2매)13g기획_세트단상자,,780,0,780.0
5000.0,2303811.0,[부자재]글로우팩트(FW)레드에디션_19호페어_봉합라벨(26년설),,800,0,800.0
5000.0,2303812.0,[부자재]글로우팩트(FW)레드에디션_23호베이지_봉합라벨(26년설),,800,0,800.0
5000.0,2303477.0,이지듀멜라토닝멜라씨비타에센스토너150ML_용기덧방라벨,,860,0,860.0
5000.0,9312350.0,"이지듀디더블유이지에프멜라토닝원데이앰플부스터샷15ML(리필,HS) ",BJA,899,0,899.0
5000.0,2303815.0,[부자재]기미쿠션레드에디션_19호페어_봉합라벨(26년설),,900,0,900.0
5000.0,2400000.0,[세트포장재]앰플쿠션_22호_면세기획세트(본품+리필2)39g_단상자,,930,0,930.0
5000.0,2303778.0,[부자재]이지듀명절용멜라3-스텝스페셜세트(싸바리)_v2,,933,0,933.0
5000.0,2303830.0,[부자재]기미팩트세트(본품3+리필3+퍼프3)_싸바리(공용),,943,0,943.0
5000.0,2303459.0,이지듀클리어라하바디미스트100ML_용기덧방라벨,,1000,0,1000.0
5000.0,2303461.0,이지듀디더블유이지에프멜라토닝원데이앰플1ML_용기덧방라벨,,1000,0,1000.0
5000.0,2303465.0,이지듀멜라글루타치온크림105ML_용기덧방라벨,,1000,0,1000.0
5000.0,2303466.0,이지듀디더블유이지에프와이드(프로텍션)패치4G_용기덧방라벨,,1000,0,1000.0
5000.0,2303467.0,이지듀멜라비토닝앰플쿠션23호베이지_용기덧방라벨,,1000,0,1000.0
5000.0,2303468.0,이지듀멜라비토닝앰플쿠션21호내추럴_용기덧방라벨,,1000,0,1000.0
5000.0,2303469.0,이지듀멜라비토닝앰플쿠션19호페어_용기덧방라벨,,1000,0,1000.0
5000.0,2303478.0,이지듀클리어B3+B5세럼29ML_용기덧방라벨,,1000,0,1000.0
5000.0,2303479.0,이지듀멜라에이레티노0.03프로크림30ML_용기덧방라벨,,1000,0,1000.0
5000.0,2303480.0,이지듀멜라에이레티노0.3프로트리트먼트1ML_용기덧방라벨,,1000,0,1000.0
5000.0,2303481.0,이지듀베리어리페어클렌저150ML_용기덧방라벨,,1000,0,1000.0
5000.0,2303482.0,이지듀베리어리페어크림30G_용기덧방라벨,,1000,0,1000.0
5000.0,2303484.0,이지듀베리어리페어크림50ML_용기덧방라벨,,1000,0,1000.0
5000.0,2303485.0,이지듀베리어리페어크림105ML_용기덧방라벨,,1000,0,1000.0
5000.0,2303487.0,이지듀베리어리페어토너200ML_용기덧방라벨,,1000,0,1000.0
5000.0,2303488.0,이지듀베리어리페어미스트60ML_용기덧방라벨,,1000,0,1000.0
5000.0,2303490.0,이지듀디더블유이지에프크림프레좀알엑스50ML_용기덧방라벨,,1000,0,1000.0
5000.0,2303493.0,이지듀클리어라하바디미스트100ML_단상자,,1000,0,1000.0
5000.0,2303494.0,이지듀디더블유이지에프멜라토닝원데이앰플1ML*7ea_단상자,,1000,0,1000.0
5000.0,2303495.0,이지듀디더블유이지에프멜라토닝원데이앰플1ML_단상자,,1000,0,1000.0
5000.0,2303499.0,이지듀멜라글루타치온크림105ML_단상자,,1000,0,1000.0
5000.0,2303500.0,이지듀디더블유이지에프와이드(프로텍션)패치4G_단상자,,1000,0,1000.0
5000.0,2303513.0,이지듀멜라에이레티노0.03프로크림30ML_단상자,,1000,0,1000.0
5000.0,2303514.0,이지듀멜라에이레티노0.3프로트리트먼트1ML_단상자,,1000,0,1000.0
5000.0,2303515.0,이지듀베리어리페어클렌저150ML_단상자,,1000,0,1000.0
5000.0,2303516.0,이지듀베리어리페어크림30G_단상자,,1000,0,1000.0
5000.0,2303517.0,이지듀베리어리페어크림50ML_단상자,,1000,0,1000.0
5000.0,2303518.0,이지듀베리어리페어크림105ML_단상자,,1000,0,1000.0
5000.0,2303519.0,이지듀베리어리페어마스크25G(*4매입)_단상자,,1000,0,1000.0
5000.0,2303520.0,이지듀베리어리페어토너200ML_단상자,,1000,0,1000.0
5000.0,2303521.0,이지듀베리어리페어미스트60ML_단상자,,1000,0,1000.0
5000.0,2303524.0,이지듀디더블유이지에프크림프레좀알엑스50ML_단상자,,1000,0,1000.0
5000.0,2303293.0,멀티비타앰플클렌저200ml_단상자,0,1100,0,1100.0
5000.0,2303828.0,[부자재]부스터샷묶음(본품1+리필1)세트_띠라벨(면세),,1200,0,1200.0
5000.0,2400020.0,[세트포장재]앰플쿠션_19호_면세기획세트(본품+리필2)39g_단상자_V4,,1200,0,1200.0
5000.0,2400022.0,[세트포장재]앰플쿠션_23호_면세기획세트(본품+리필2)39g_단상자V4,,1200,0,1200.0
5000.0,2303817.0,[부자재]기미쿠션세트_21호 내추럴_봉합라벨(26신년),,1270,0,1270.0
5000.0,2303818.0,[부자재]기미쿠션세트_22호 라이트베이지_봉합라벨(26신년),,1485,0,1485.0
5000.0,2303819.0,[부자재]기미쿠션세트_19호 페어_봉합라벨(26신년),,1500,0,1500.0
5000.0,2303820.0,[부자재]기미쿠션세트_23호 베이지_봉합라벨(26신년),,1500,0,1500.0
5000.0,2303821.0,[부자재]기미팩트세트_21호내추럴_봉합라벨(26신년),,1510,0,1510.0
5000.0,7302334.0,이지듀밀착커버매트팩트퍼프(1개입),,1555,0,1555.0
5000.0,2303822.0,[부자재]기미팩트세트_23호베이지_봉합라벨(26신년),,1560,0,1560.0
5000.0,2303823.0,[부자재]기미팩트세트_19호페어_봉합라벨(26신년),,1575,0,1575.0
5000.0,7302385.0,[25년]이지듀쇼핑백_소(200*80*200),307,1772,0,1772.0
5000.0,7302222.0,[판촉물_상품]이지듀썸머메쉬백(L),,1906,0,1906.0
5000.0,2400021.0,[세트포장재]앰플쿠션_21호_면세기획세트(본품+리필2)39g_단상자V4,,2200,0,2200.0
5000.0,2303814.0,[부자재]기미쿠션레드에디션_23호베이지_봉합라벨(26년설),,2500,0,2500.0
5000.0,9311122.0,이지듀멜라비토닝매트커버팩트21호(미니)_10g,JFA,13264,9964,3300.0
5000.0,2303810.0,[부자재]글로우팩트(FW)레드에디션_21호내추럴_봉합라벨(26년설),,3300,0,3300.0
5000.0,9311719.0,이지듀베리어리페어카밍겔패치(9g*4매입),GHA,6687,3168,3519.0
5000.0,2303813.0,[부자재]기미쿠션레드에디션_21호내추럴_봉합라벨(26년설),,3600,0,3600.0
5000.0,7302229.0,베리어리페어세트_세트단상자(20CM),,3839,0,3839.0
5000.0,7302262.0,이지듀멜라토닝울트라카밍토너시카알로에130ML_펌프(미스트)(V1),,3938,0,3938.0
5000.0,2303486.0,이지듀베리어리페어마스크25G(*4매입)_용기덧방라벨,,4000,0,4000.0
5000.0,9312167.0,이지듀멜라비토닝앰플쿠션19호샌드13G(미국),,4465,0,4465.0
5000.0,7301695.0,[EA]멜라라필실리콘볼(소),48193,5005,0,5005.0
5000.0,9312366.0,이지듀디더블유이지에프멜라토닝원데이앰플부스터샷20ML ,CJA,6536,0,6536.0
5000.0,2303826.0,"[부자재]쿠션,팩트레드에디션_리본쇼핑백(공용,26설)",,6960,0,6960.0
5000.0,2303460.0,이지듀디더블유이지에프멜라토닝원데이앰플1ML*7ea_용기덧방라벨,,7000,0,7000.0
5000.0,7302267.0,이지듀선물세트_세트단상자(15CM),,9012,0,9012.0
5000.0,9312367.0,이지듀디더블유이지에프멜라토닝원데이앰플부스터샷20ML(리필) ,BJA,9576,0,9576.0
5000.0,7302433.0,[판촉물]이지듀파운데이션브러쉬,,10050,0,10050.0
5000.0,7302223.0,[판촉물]이지듀대형쇼핑백_2025_(285*90*250),,17342,0,17342.0
5000.0,7302264.0,[판촉물_상품]이지듀키링파우치,,24332,0,24332.0
5000.0,7302501.0,"[판촉물]26년미니쇼핑백(설날,신년전용)",,24563,0,24563.0
5000.0,7302266.0,이지듀멜라토닝울트라카밍토너시카알로에130ML_펌프(미스트)(V2),,34570,0,34570.0
5000.0,7302317.0,이지듀밀착커버앰플쿠션퍼프(2개입)_V2,,45749,0,45749.0
5000.0,7302293.0,이지듀밀착커버매트팩트퍼프(2개입),,84330,0,84330.0
5010.0,9305864.0,[EA]베리어리페어토너200ml,ABZ,2,0,2.0
5010.0,9307960.0,[단종][EA]디더블유이지에프멜라토닝비타씨토너150ml_(수정),BEZ,10,0,10.0
5010.0,9303605.0,[EA]디더블유이지에프크림프레좀알엑스50ml,ELY,70,0,70.0
5010.0,9305554.0,[EA]베리어리페어크림105ml,MEA,90,0,90.0
5010.0,9306242.0,[EA]베리어리페어크림50ml,RHA,100,0,100.0
5010.0,9311067.0,이지듀비타민C부스팅앰플15g,AFA,122,0,122.0
5010.0,9304907.0,[EA]디더블유이지에프콜라겐실크림앰플55g,AKZ,126,0,126.0
5010.0,9307903.0,[EA]클리어B3+B5세럼 29ml,AFZ,145,0,145.0
5010.0,9305814.0,[단종][EX]디더블유이지에프멜라토닝패치(5g*4ea)(썸머에디션),MMZ,176,0,176.0
5010.0,9305555.0,[EA]멜라토닝크림105ml,RLY,200,0,200.0
5010.0,9304300.0,[단종][EA]디더블유이지에프링클아이크림스틱프리미엄8g,N04F13G,240,0,240.0
5010.0,9309795.0,[EA]멜라오버나이트멜팅크림 50g,GFA,244,0,244.0
5010.0,9309908.0,[EA]디더블유이지에프멜라토닝패치(5g*4ea)_V2,CJA,250,0,250.0
5010.0,9307343.0,[EA]이지듀DW-EGF레티노0.03프로멜라토닝크림30ml(베이직),BEZ,271,0,271.0
5010.0,9308764.0,이지듀멜라토닝원데이앰플기획세트(12ML+0.7ML),KFA,348,0,348.0
5010.0,9302803.0,[단종][EA]리더마마스터앰플(1ml*14ea),AGZ,350,0,350.0
5010.0,9305530.0,[EA]디더블유이지에프멜라토닝원데이앰플(1ml*7ea)_ver2,NLY,377,0,377.0
5010.0,9309835.0,[EA]멜라비토닝유브이선세럼투엑스40ml,LEA,430,0,430.0
5100.0,9309903.0,[EA]멜라비토닝앰플쿠션21호내추럴(리필)15g_V3,PBA,0,176,-176.0
5100.0,9311387.0,[세트]이지듀멜라데이쉴드에센셜세트,D250707001,0,152,-152.0
5100.0,7302501.0,"[판촉물]26년미니쇼핑백(설날,신년전용)",260107,0,68,-68.0
5100.0,9309839.0,[EA]멜라비토닝앰플쿠션21호내추럴(본품)15g_V3,RBA,0,50,-50.0
5100.0,9309755.0,멜라 3-스텝 올인원 스페셜세트_청뱀(대관용),0,0,27,-27.0
5100.0,9309145.0,[EA]리프트이지에프10코어이펙트앰플15ml,DHA,0,20,-20.0
5100.0,9309148.0,[EA]리프트피디알엔넥패치(6g*4매입),811,0,20,-20.0
5100.0,9312874.0,[임가공]이지듀멜라3스텝스페셜세트_2025(플라워_옐로우패드),D250922006,0,19,-19.0
5100.0,9309839.0,[EA]멜라비토닝앰플쿠션21호내추럴(본품)15g_V3,SBA,0,17,-17.0
5100.0,9312293.0,[추석세트]이지듀쿠션앤앰플기프트세트21호내추럴,FHA,0,17,-17.0
5100.0,7302293.0,이지듀밀착커버매트팩트퍼프(2개입),0,0,12,-12.0
5100.0,9308764.0,이지듀멜라토닝원데이앰플기획세트(12ML+0.7ML),LFA,0,10,-10.0
5100.0,7302264.0,[판촉물_상품]이지듀키링파우치,0,0,7,-7.0
5100.0,9309071.0,"베리어세트(미스트,크림50,마스크팩)",D250520001,0,7,-7.0
5100.0,7302317.0,이지듀밀착커버앰플쿠션퍼프(2개입)_V2,0,0,6,-6.0
5100.0,9309839.0,[EA]멜라비토닝앰플쿠션21호내추럴(본품)15g_V3,PBA,0,6,-6.0
5100.0,7301041.0,[EA]디더블유이지에프더마톡스니들롤러대,,0,5,-5.0
5100.0,9312366.0,이지듀디더블유이지에프멜라토닝원데이앰플부스터샷20ML？,CJA,0,5,-5.0
5100.0,9309839.0,[EA]멜라비토닝앰플쿠션21호내추럴(본품)15g_V3,QBA,0,3,-3.0
5100.0,9312367.0,이지듀디더블유이지에프멜라토닝원데이앰플부스터샷20ML(리필)？,AJA,0,2,-2.0
5100.0,7302223.0,[판촉물]이지듀대형쇼핑백_2025_(285*90*250),20250910,0,1,-1.0
5100.0,9306242.0,[EA]베리어리페어크림50ml,RHA,0,1,-1.0
5100.0,9307319.0,[EA]디더블유이지에프멜라토닝원데이앰플1ml_AD(2024),CFA,0,1,-1.0
5100.0,9307962.0,[EA]멜라비타12앰플클렌저_샤셰(2ml),QE05,0,1,-1.0
5100.0,9307963.0,[EA]이지듀멜라글루타치온크림샤셰2g,GFZ,0,1,-1.0
5100.0,9310696.0,멜라비토닝앰플쿠션22호라이트베이지(미니)_8g,FHA,2,3,-1.0
5100.0,9311674.0,이지듀멜라토닝원데이앰플8ML(25.07리뉴얼),EGA,0,1,-1.0
5100.0,9313026.0,이지듀멜라비토닝글로우커버팩트21호내추럴19g,CLA,0,1,-1.0
5100.0,9400033.0,[세트]매트팩트21호(19g)+글로우립로즈(카카오),D260107001,0,1,-1.0
5100.0,7301237.0,[부자재]이지듀쇼핑백_소(200*80*200)_백색둥근종이끈,,105,105,0.0
5100.0,7301542.0,[EA]디더블유이지에프 엠티에스 롤러대_AD(2024),0,4,4,0.0
5100.0,9001850.0,[CX]링클솔루션스킨케어3종스페셜세트(리뉴얼),AEA,1,1,0.0
5100.0,9305554.0,[EA]베리어리페어크림105ml,MEA,1,1,0.0
5100.0,9305648.0,[EA]베리어리페어클렌저150ml,BGA,2,2,0.0
5100.0,9305857.0,[EA]베리어리페어마스크(25G*4매입),AAB,11,11,0.0
5100.0,9305864.0,[EA]베리어리페어토너200ml,BKZ,5,5,0.0
5100.0,9305997.0,[단종][EA]아크네클리어필1.9ml,DG001,4,4,0.0
5100.0,9306813.0,[EA]베리어리페어립앤멀티밤10g,N10A02,1,1,0.0
5100.0,9307044.0,[EA]디더블유이지에프멜라토닝원데이앰플30ml_AD(2024),GCA,14,14,0.0
5100.0,9307126.0,[EA]디더블유이지에프더마니들2700샷(40mg*2ea)_덧방용,J16E01,3,3,0.0
5100.0,9307221.0,[EA]디더블유EGF10ppm원데이엠티에스2700샷(2개입)_스몰랩,24F017,10,10,0.0
5100.0,9307319.0,[EA]디더블유이지에프멜라토닝원데이앰플1ml_AD(2024),PJA,12,12,0.0
5100.0,9307343.0,[EA]이지듀DW-EGF레티노0.03프로멜라토닝크림30ml(베이직),CFZ,3,3,0.0
5100.0,9307900.0,[EA]클리어아하2%토너 200ml,AFZ,1,1,0.0
5100.0,9308236.0,[EA]이지듀멜라글루타치온크림50ml,VHA,1,1,0.0
5100.0,9308304.0,"[EA]멜라라필프로그램(스텝1 3ml, 스텝2 15g*4ea,브러쉬)직영",EMGG01,1,1,0.0
5100.0,9308690.0,[EX]디더블유이지에프멜라토닝원데이앰플10ml,AAA,1,1,0.0
5100.0,9308848.0,[EA]멜라씨비타에센스토너150ml,AAB,2,2,0.0
5100.0,9309145.0,[EA]리프트이지에프10코어이펙트앰플15ml,FHA,4,4,0.0
5100.0,9309145.0,[EA]리프트이지에프10코어이펙트앰플15ml,MLA,16,16,0.0
5100.0,9309146.0,[EA]멜라비토닝원데이앰플40ml,BBA,2,2,0.0
5100.0,9309149.0,[EA]멜라거즈드레싱마스크(4매입),652DL,1,1,0.0
5100.0,9309213.0,[EA]리프트이지에프10코어이펙트앰플30ml,DBA,19,19,0.0
5100.0,9309392.0,[EA]멜라글루타치온크림105ml,OHA,3,3,0.0
5100.0,9309509.0,[EA]멜라비토닝앰플쿠션23호베이지(리필)_V2,AAA,3,3,0.0
5100.0,9309795.0,[EA]멜라오버나이트멜팅크림 50g,FFA,4,4,0.0
5100.0,9309798.0,[EA]이지에프코어부스팅아이크림30ml,H11Y003,2,2,0.0
5100.0,9309835.0,[EA]멜라비토닝유브이선세럼투엑스40ml,MEA,2,2,0.0
5100.0,9309838.0,[EA]멜라비토닝앰플쿠션19호페어(본품)15g_V3_,EBA,4,4,0.0
5100.0,9309838.0,[EA]멜라비토닝앰플쿠션19호페어(본품)15g_V3_,GBA,2,2,0.0
5100.0,9309839.0,[EA]멜라비토닝앰플쿠션21호내추럴(본품)15g_V3,CHA,10,10,0.0
5100.0,9309900.0,[EA]멜라비토닝앰플쿠션23호베이지(본품)15g_V3,KDA,1,1,0.0
5100.0,9309902.0,[EA]멜라비토닝앰플쿠션19호페어(리필)15g_V3,CBA,1,1,0.0
5100.0,9309903.0,[EA]멜라비토닝앰플쿠션21호내추럴(리필)15g_V3,TJA,4,4,0.0
5100.0,9309904.0,[EA]멜라비토닝앰플쿠션23호베이지(리필)15g_V3,HBA,2,2,0.0
5100.0,9309904.0,[EA]멜라비토닝앰플쿠션23호베이지(리필)15g_V3,GBA,1,1,0.0
5100.0,9309908.0,[EA]디더블유이지에프멜라토닝패치(5g*4ea)_V2,BJA,1,1,0.0
5100.0,9309908.0,[EA]디더블유이지에프멜라토닝패치(5g*4ea)_V2,DJA,6,6,0.0
5100.0,9309910.0,[EA]멀티비타12앰플클렌저200ml,RG02,2,2,0.0
5100.0,9310233.0,[EA]멜라비토닝앰플쿠션21호내추럴(미니)_8g,MFA,1,1,0.0
5100.0,9310455.0,[EA]디더블유이지에프클리어선패치4g(4매입)V2,501DW,2,2,0.0
5100.0,9310560.0,이지듀멜라비토닝앰플쿠션23호베이지13G,WHA,3,3,0.0
5100.0,9310561.0,이지듀멜라비토닝앰플쿠션19호페어13G(리필),MFA,2,2,0.0
5100.0,9310563.0,이지듀멜라비토닝앰플쿠션23호베이지13G(리필),WHA,1,1,0.0
5100.0,9310593.0,[EA]이지듀멜라비토닝원데이앰플로즈30ml,BDA,2,2,0.0
5100.0,9310616.0,[EA]이지듀멜라토닝원데이앰플15ml(2025_추출물용매분리버전),FGA,11,11,0.0
5100.0,9310616.0,[EA]이지듀멜라토닝원데이앰플15ml(2025_추출물용매분리버전),GGA,20,20,0.0
5100.0,9310616.0,[EA]이지듀멜라토닝원데이앰플15ml(2025_추출물용매분리버전),HHA,20,20,0.0
5100.0,9310695.0,멜라비토닝앰플쿠션23호베이지(미니)_8g,REA,1,1,0.0
5100.0,9310805.0,이지듀멜라비토닝매트커버팩트19호페어(리필)_19g,GGA,7,7,0.0
5100.0,9310806.0,이지듀멜라비토닝매트커버팩트21호내추럴(리필)_19g,RHA,5,5,0.0
5100.0,9310807.0,이지듀멜라비토닝매트커버팩트23호베이지(리필)_19g,GHA,5,5,0.0
5100.0,9311060.0,[단종]이지듀멜라비토닝매트커버팩트19호페어19g,EFA,10,10,0.0
5100.0,9311060.0,[단종]이지듀멜라비토닝매트커버팩트19호페어19g,GGA,11,11,0.0
5100.0,9311062.0,[단종]이지듀멜라비토닝매트커버팩트23호베이지19g,GHA,37,37,0.0
5100.0,9311067.0,이지듀비타민C부스팅앰플15g,AFA,1,1,0.0
5100.0,9311071.0,이지듀멜라비토닝엔자임파우더워시1g*14개입,G08Y001,1,1,0.0
5100.0,9311121.0,이지듀멜라비토닝매트커버팩트19호(미니)_10g,FGA,2,2,0.0
5100.0,9311122.0,이지듀멜라비토닝매트커버팩트21호(미니)_10g,JFA,3,3,0.0
5100.0,9311124.0,이지듀멜라비토닝매트커버팩트23호(미니)_10g,EGA,4,4,0.0
5100.0,9311192.0,이지듀멜라토닝겔패치시카알로에12g(4매입),660EG,6,6,0.0
5100.0,9311330.0,멜라비토닝앰플쿠션22호라이트베이지(리필)_15g,EHA,4,4,0.0
5100.0,9311331.0,멜라비토닝앰플쿠션22호라이트베이지(본품)_15g,DHA,6,6,0.0
5100.0,9311868.0,이지듀멜라비토닝매트커버팩트19호페어(본품)19g(V2),JGA,29,29,0.0
5100.0,9311869.0,이지듀멜라비토닝매트커버팩트21호내추럴(본품)19G(V2),OHA,20,20,0.0
5100.0,9311869.0,이지듀멜라비토닝매트커버팩트21호내추럴(본품)19G(V2),RHA,1,1,0.0
5100.0,9311869.0,이지듀멜라비토닝매트커버팩트21호내추럴(본품)19G(V2),QHA,5,5,0.0
5100.0,9311869.0,이지듀멜라비토닝매트커버팩트21호내추럴(본품)19G(V2),PHA,61,61,0.0
5100.0,9312186.0,이지듀RX 포스트레이저미스트120ML,BLA,4,4,0.0
5100.0,9313025.0,이지듀멜라비토닝글로우커버팩트19호페어19g,CMA,11,11,0.0
5100.0,9313026.0,이지듀멜라비토닝글로우커버팩트21호내추럴19g,BLA,1,1,0.0
5100.0,9313026.0,이지듀멜라비토닝글로우커버팩트21호내추럴19g,FMA,20,20,0.0
5100.0,9313026.0,이지듀멜라비토닝글로우커버팩트21호내추럴19g,GMA,17,17,0.0
5100.0,9313027.0,이지듀멜라비토닝글로우커버팩트23호베이지19g,ALA,4,4,0.0
5100.0,9313027.0,이지듀멜라비토닝글로우커버팩트23호베이지19g,CMA,9,9,0.0
5100.0,9313029.0,이지듀멜라비토닝글로우커버팩트21호내추럴(리필)19g,CLA,4,4,0.0
5100.0,9313029.0,이지듀멜라비토닝글로우커버팩트21호내추럴(리필)19g,ELA,3,3,0.0
5100.0,9313030.0,이지듀멜라비토닝글로우커버팩트23호베이지(리필)19g,CMA,1,1,0.0
5100.0,9313046.0,이지듀멜라비토닝앰플파운데이션19호페어,AMA,2,2,0.0
5100.0,9313100.0,이지듀알엑스포스트레이저미스트50mL,AKA,2,2,0.0
5100.0,9313117.0,이지듀포스트레이저이지에프크림75ml,EK004,5,5,0.0
5100.0,9313119.0,이지듀이지에프골든엘릭서4ml(HS),EL003,3,3,0.0
5100.0,9313188.0,이지듀포스트레이저이지에프크림5ml,EK003,3,3,0.0
5100.0,9313188.0,이지듀포스트레이저이지에프크림5ml,EK005,1,1,0.0
5100.0,9313816.0,[세트]이지듀멜라스킨케어기프트6종기획세트(26년설),EGA,4,4,0.0
5100.0,9313942.0,[세트]이지듀항산화*4세트(26신년),D260105006,1,1,0.0
5100.0,9313962.0,[세트]기미쿠션세트(본품3+리필3+퍼프3)_21호내추럴(26년신년),D260115001,1,1,0.0
5100.0,9313962.0,[세트]기미쿠션세트(본품3+리필3+퍼프3)_21호내추럴(26년신년),D260126005,1,1,0.0
5100.0,9313963.0,[세트]기미쿠션세트(본품3+리필3+퍼프3)_22호라이트베이지(26년신년),D260109004,1,1,0.0
5100.0,9313964.0,[세트]기미쿠션세트(본품3+리필3+퍼프3)_23호베이지(26년신년),D260109005,2,2,0.0
5100.0,9313966.0,[세트]기미팩트세트(본품3+리필3+퍼프3)_21호내추럴(26년신년),D260116001,2,2,0.0
5100.0,9313968.0,[세트]기미쿠션레드에디션(26년설)_19호페어,D260121001,1,1,0.0
5100.0,9313968.0,[세트]기미쿠션레드에디션(26년설)_19호페어,D260123003,1,1,0.0
5100.0,9313969.0,[세트]기미쿠션레드에디션(26년설)_21호내추럴,D260121002,3,3,0.0
5100.0,9313969.0,[세트]기미쿠션레드에디션(26년설)_21호내추럴,D260123001,1,1,0.0
5100.0,9313970.0,[세트]기미쿠션레드에디션(26년설)_22호라이트베이지,D260121003,1,1,0.0
5100.0,9313970.0,[세트]기미쿠션레드에디션(26년설)_22호라이트베이지,D260123004,2,2,0.0
5100.0,9313971.0,[세트]기미쿠션레드에디션(26년설)_23호베이지,D260123005,2,2,0.0
5100.0,9313973.0,[세트]글로우팩트(FW)레드에디션_21호내추럴,D260121006,4,4,0.0
5100.0,9313973.0,[세트]글로우팩트(FW)레드에디션_21호내추럴,D260129004,6,6,0.0
5100.0,9313974.0,[세트]글로우팩트(FW)레드에디션_23호베이지,D260123007,4,4,0.0
5100.0,7000974.0,[판촉물_부자재][EA]통합쇼핑백(27*35)_일반,,0,-1,1.0
5100.0,7302222.0,[판촉물_상품]이지듀썸머메쉬백(L),,1,0,1.0
5100.0,7302223.0,[판촉물]이지듀대형쇼핑백_2025_(285*90*250),,1,0,1.0
5100.0,7302250.0,[판촉물]이지듀여행용파우치그린,,1,0,1.0
5100.0,9303605.0,[EA]디더블유이지에프크림프레좀알엑스50ml,0,1,0,1.0
5100.0,9305857.0,[EA]베리어리페어마스크(25G*4매입),BFA,1,0,1.0
5100.0,9305942.0,[EA]옴므올인원플루이드80ml,0,1,0,1.0
5100.0,9306242.0,[EA]베리어리페어크림50ml,QHA,1,0,1.0
5100.0,9307043.0,[EA]디더블유이지에프멜라토닝원데이앰플8ml_AD(2024),FCA,1,0,1.0
5100.0,9307044.0,[EA]디더블유이지에프멜라토닝원데이앰플30ml_AD(2024),FCA,1,0,1.0
5100.0,9308228.0,[EA]멜라씨비타에센스토너30ml,0,1,0,1.0
5100.0,9308229.0,[EA]멜라비타12앰플클렌저30ML,0,1,0,1.0
5100.0,9308616.0,[EA]DW-EGF멜라선와이드패치(4g*4매입)_지퍼백ver,327,1,0,1.0
5100.0,9308848.0,[EA]멜라씨비타에센스토너150ml,CDA,1,0,1.0
5100.0,9309503.0,[EA]멜라비토닝앰플쿠션19호페어(본품)_V2,BMZ,1,0,1.0
5100.0,9309507.0,[EA]멜라비토닝앰플쿠션19호페어(리필)_V2,BMZ,1,0,1.0
5100.0,9309900.0,[EA]멜라비토닝앰플쿠션23호베이지(본품)15g_V3,FBA,1,0,1.0
5100.0,9309903.0,[EA]멜라비토닝앰플쿠션21호내추럴(리필)15g_V3,ZDA,1,0,1.0
5100.0,9310448.0,[EA]멜라UV틴티드글로우립핑크3.6g,BDA,1,0,1.0
5100.0,9310807.0,이지듀멜라비토닝매트커버팩트23호베이지(리필)_19g,EGA,1,0,1.0
5100.0,9311061.0,[단종]이지듀멜라비토닝매트커버팩트21호내추럴19g,GFA,1,0,1.0
5100.0,9311061.0,[단종]이지듀멜라비토닝매트커버팩트21호내추럴19g,MHA,1,0,1.0
5100.0,9311718.0,멜라비토닝앰플글로우겔마스크30g(단품),714ED,1,0,1.0
5100.0,9313026.0,이지듀멜라비토닝글로우커버팩트21호내추럴19g,0,1,0,1.0
5100.0,9400033.0,[세트]매트팩트21호(19g)+글로우립로즈(카카오),0,1,0,1.0
5100.0,9309900.0,[EA]멜라비토닝앰플쿠션23호베이지(본품)15g_V3,0,2,0,2.0
5100.0,9310805.0,이지듀멜라비토닝매트커버팩트19호페어(리필)_19g,0,2,0,2.0
5100.0,9310807.0,이지듀멜라비토닝매트커버팩트23호베이지(리필)_19g,CEA,2,0,2.0
5100.0,9311190.0,이지듀멜라토닝원데이앰플시카알로에30ml,AFA,2,0,2.0
5100.0,9311192.0,이지듀멜라토닝겔패치시카알로에12g(4매입),769EF,2,0,2.0
5100.0,9312367.0,이지듀디더블유이지에프멜라토닝원데이앰플부스터샷20ML(리필) ,AJA,2,0,2.0
5100.0,9308235.0,[EA]이지듀멜라5스텝스타터키트(GWP),CFZ,3,0,3.0
5100.0,9309839.0,[EA]멜라비토닝앰플쿠션21호내추럴(본품)15g_V3,NGA,3,0,3.0
5100.0,9309839.0,[EA]멜라비토닝앰플쿠션21호내추럴(본품)15g_V3,TBA,3,0,3.0
5100.0,9309507.0,[EA]멜라비토닝앰플쿠션19호페어(리필)_V2,AAA,11,7,4.0
5100.0,9309838.0,[EA]멜라비토닝앰플쿠션19호페어(본품)15g_V3_,JBA,4,0,4.0
5100.0,9309839.0,[EA]멜라비토닝앰플쿠션21호내추럴(본품)15g_V3,KFA,4,0,4.0
5100.0,9311060.0,[단종]이지듀멜라비토닝매트커버팩트19호페어19g,DEA,4,0,4.0
5100.0,9311062.0,[단종]이지듀멜라비토닝매트커버팩트23호베이지19g,DGA,4,0,4.0
5100.0,9312032.0,이지듀멜라토닝겔패치시카알로에12g(1매입),679EG,4,0,4.0
5100.0,7302262.0,이지듀멜라토닝울트라카밍토너시카알로에130ML_펌프(미스트)(V1),,5,0,5.0
5100.0,9309930.0,한가인 VIP 고급 대관세트 (기미앰플+항산화+쿠션)_2025년설,,5,0,5.0
5100.0,9312366.0,이지듀디더블유이지에프멜라토닝원데이앰플부스터샷20ML ,CJA,5,0,5.0
5100.0,7302317.0,이지듀밀착커버앰플쿠션퍼프(2개입)_V2,,6,0,6.0
5100.0,9310805.0,이지듀멜라비토닝매트커버팩트19호페어(리필)_19g,DEA,6,0,6.0
5100.0,9310806.0,이지듀멜라비토닝매트커버팩트21호내추럴(리필)_19g,FEA,6,0,6.0
5100.0,7302264.0,[판촉물_상품]이지듀키링파우치,,7,0,7.0
5100.0,9310806.0,이지듀멜라비토닝매트커버팩트21호내추럴(리필)_19g,EEA,8,0,8.0
5100.0,9307276.0,[EA]DW-EGF클리어선패치(2매입*4ea),739,9,0,9.0
5100.0,9309904.0,[EA]멜라비토닝앰플쿠션23호베이지(리필)15g_V3,EBA,11,0,11.0
5100.0,9309903.0,[EA]멜라비토닝앰플쿠션21호내추럴(리필)15g_V3,TBA,13,0,13.0
5100.0,9311331.0,멜라비토닝앰플쿠션22호라이트베이지(본품)_15g,BEA,19,0,19.0
5100.0,9311330.0,멜라비토닝앰플쿠션22호라이트베이지(리필)_15g,BEA,20,0,20.0
5100.0,7302293.0,이지듀밀착커버매트팩트퍼프(2개입),,36,0,36.0
5100.0,7302501.0,"[판촉물]26년미니쇼핑백(설날,신년전용)",,68,0,68.0
5100.0,9309754.0,멜라 3-스텝 올인원 스페셜세트_2025(대관용),,195,0,195.0
5200.0,9304348.0,[단종][EA]디더블유이지에프크림링클컨트롤50ml,FLX,0,18,-18.0
5200.0,9303194.0,[단종][EA]디더블유이지에프멜라토닝원데이앰플1ml,BHX,0,10,-10.0
5200.0,9308848.0,[EA]멜라씨비타에센스토너150ml,ABA,0,10,-10.0
5200.0,9001850.0,[CX]링클솔루션스킨케어3종스페셜세트(리뉴얼),AFW,0,9,-9.0
5200.0,9301077.0,[RX]포스트레이저젤드레싱마스크시트세트(38ml*5ea),2PF130,0,7,-7.0
5200.0,9303193.0,[EA]디더블유이지에프멜라토닝원데이앰플(1ml*7ea),BHX,0,7,-7.0
5200.0,9305207.0,[단종][EA]디더블유이지에프멜라토닝원데이앰플30ml,BDY,0,6,-6.0
5200.0,2303830.0,[부자재]기미팩트세트(본품3+리필3+퍼프3)_단상자(공용),251230,0,4,-4.0
5200.0,9302158.0,[단종][EX]디더블유이지에프뉴트리앰플15ML,AMW,0,2,-2.0
5200.0,9307045.0,[단종][EA]디더블유이지에프멜라토닝패치(5g*4ea)_AD(2024),DLZ,0,2,-2.0
5200.0,7302264.0,[판촉물_상품]이지듀키링파우치,0,0,1,-1.0
5200.0,9001849.0,[CX]링클솔루션스킨케어스페셜세트(리뉴얼),BLV,0,1,-1.0
5200.0,9301155.0,[단종][EX]유브이컨트롤울트라쉴드선크림50ml,AAY,0,1,-1.0
5200.0,9301240.0,[단종][RX]포스트레이저에센스토너175ML,ABW,0,1,-1.0
5200.0,9302972.0,[단종][EA]디더블유이지에프크림리미티드70ml,AFX,0,1,-1.0
5200.0,9303194.0,[단종][EA]디더블유이지에프멜라토닝원데이앰플1ml,BDY,0,1,-1.0
5200.0,9304300.0,[단종][EA]디더블유이지에프링클아이크림스틱프리미엄8g,L09K11K,0,1,-1.0
5200.0,9305648.0,[EA]베리어리페어클렌저150ml,EHZ,0,1,-1.0
5200.0,9305814.0,[단종][EX]디더블유이지에프멜라토닝패치(5g*4ea)(썸머에디션),CFY,0,1,-1.0
5200.0,9305814.0,[단종][EX]디더블유이지에프멜라토닝패치(5g*4ea)(썸머에디션),DFY,0,1,-1.0
5200.0,9307045.0,[단종][EA]디더블유이지에프멜라토닝패치(5g*4ea)_AD(2024),ALZ,0,1,-1.0
5200.0,9307045.0,[단종][EA]디더블유이지에프멜라토닝패치(5g*4ea)_AD(2024),FLZ,0,1,-1.0
5200.0,9308062.0,[단종][EA]디더블유이지에프멜라글루타티온크림105ml,FFZ,0,1,-1.0
5200.0,9312366.0,이지듀디더블유이지에프멜라토닝원데이앰플부스터샷20ML？,CJA,0,1,-1.0
5200.0,9307319.0,[EA]디더블유이지에프멜라토닝원데이앰플1ml_AD(2024),CFA,1,1,0.0
5200.0,9307319.0,[EA]디더블유이지에프멜라토닝원데이앰플1ml_AD(2024),PJA,1,1,0.0
5200.0,9307963.0,[EA]이지듀멜라글루타치온크림샤셰2g,GFZ,10,10,0.0
5200.0,9308235.0,[EA]이지듀멜라5스텝스타터키트(GWP),CFZ,1,1,0.0
5200.0,9309904.0,[EA]멜라비토닝앰플쿠션23호베이지(리필)15g_V3,HBA,1,1,0.0
5200.0,9310458.0,이지듀멜라비토닝앰플쿠션21호내추럴13G,KHA,3,3,0.0
5200.0,9310560.0,이지듀멜라비토닝앰플쿠션23호베이지13G,QDA,1,1,0.0
5200.0,9310562.0,이지듀멜라비토닝앰플쿠션21호내추럴13G(리필),EHA,2,2,0.0
5200.0,9310563.0,이지듀멜라비토닝앰플쿠션23호베이지13G(리필),SFA,1,1,0.0
5200.0,9310696.0,멜라비토닝앰플쿠션22호라이트베이지(미니)_8g,FHA,1,1,0.0
5200.0,9310806.0,이지듀멜라비토닝매트커버팩트21호내추럴(리필)_19g,RHA,4,4,0.0
5200.0,9311067.0,이지듀비타민C부스팅앰플15g,AFA,1,1,0.0
5200.0,9311124.0,이지듀멜라비토닝매트커버팩트23호(미니)_10g,EGA,1,1,0.0
5200.0,9311331.0,멜라비토닝앰플쿠션22호라이트베이지(본품)_15g,DHA,1,1,0.0
5200.0,9311674.0,이지듀멜라토닝원데이앰플8ML(25.07리뉴얼),EGA,1,1,0.0
5200.0,9311869.0,이지듀멜라비토닝매트커버팩트21호내추럴(본품)19G(V2),QHA,1,1,0.0
5200.0,9311869.0,이지듀멜라비토닝매트커버팩트21호내추럴(본품)19G(V2),RHA,2,2,0.0
5200.0,9313025.0,이지듀멜라비토닝글로우커버팩트19호페어19g,ALA,1,1,0.0
5200.0,9313029.0,이지듀멜라비토닝글로우커버팩트21호내추럴(리필)19g,CLA,1,1,0.0
5200.0,7302264.0,[판촉물_상품]이지듀키링파우치,,1,0,1.0
5200.0,9312366.0,이지듀디더블유이지에프멜라토닝원데이앰플부스터샷20ML ,CJA,1,0,1.0
5200.0,2303830.0,[부자재]기미팩트세트(본품3+리필3+퍼프3)_싸바리(공용),,4,0,4.0
,,합계,,3693537,3699417,
,,LAW 합계,,3693537,3699417,
